,Date,Low,High,Close,Open,Volume,Adj Close
1557,2016-10-21,129.7,132.13,132.07,129.78,19088794.0,132.07
1556,2017-11-09,177.09,179.4,179.3,178.31,12460345.0,179.3
1555,2015-05-07,77.56,78.94,78.425,78.0,19749428.0,78.425
1554,2013-05-28,23.92,24.54,24.1,24.54,50079700.0,24.1
1553,2016-02-12,101.09,104.24,102.01,103.74,36176760.0,102.01
1552,2013-04-24,25.8,26.4,26.11,25.93,19729900.0,26.11
1551,2014-04-14,57.78,60.45,58.89,60.09,72325000.0,58.89
1550,2015-10-19,96.92,98.57,98.47,97.18,23729924.0,98.47
1549,2016-03-22,111.17,112.88,112.25,111.36,19001076.0,112.25
1548,2016-12-13,117.61,121.52,120.31,117.86,29768028.0,120.31
1547,2018-03-08,181.45,184.4,182.34,183.56,15336555.0,182.34
1546,2013-03-15,26.56,27.06,26.645,27.03,31597400.0,26.645
1545,2016-11-02,126.28,130.23,127.17,130.23,50190225.0,127.17
1544,2013-11-25,44.04,46.65,44.82,46.36,82565000.0,44.82
1543,2013-09-05,41.77,42.765,42.66,41.79,50035400.0,42.66
1542,2017-03-17,139.7,140.34,139.84,140.34,20592818.0,139.84
1541,2017-09-08,170.8,173.49,170.95,173.09,10936358.0,170.95
1540,2014-04-10,58.68,63.18,59.16,63.08,114988000.0,59.16
1539,2017-11-30,175.2,178.275,177.18,176.85,25127073.0,177.18
1538,2015-07-23,94.81,97.45,95.44,96.96,29418833.0,95.44
1537,2016-01-05,101.665,103.7099,102.73,102.89,23258238.0,102.73
1536,2017-05-26,151.15,152.25,152.13,152.23,14907827.0,152.13
1535,2014-01-31,60.17,63.37,62.57,60.47,87794600.0,62.57
1534,2014-12-17,74.9,76.41,76.11,75.01,29203904.0,76.11
1533,2015-06-03,81.25,82.53,82.44,81.35,31774993.0,82.44
1532,2017-11-07,178.96,180.75,180.25,180.5,12679885.0,180.25
1531,2013-02-20,28.33,29.05,28.462,28.92,42098200.0,28.462
1530,2015-09-17,92.9,95.51,94.34,93.37,27841803.0,94.34
1529,2017-01-10,124.28,125.5,124.35,124.82,17324590.0,124.35
1528,2017-11-08,179.11,180.35,179.56,179.79,10494149.0,179.56
1527,2012-06-19,30.7,32.18,31.911,31.535,30849000.0,31.911
1526,2016-10-04,127.5499,129.2765,128.19,129.17,14307548.0,128.19
1525,2016-07-05,112.97,114.11,114.0,113.94,14207037.0,114.0
1524,2016-01-08,97.0311,100.5,97.33,99.88,35402298.0,97.33
1523,2016-12-09,118.95,119.94,119.68,119.22,17464736.0,119.68
1522,2012-10-11,19.61,19.96,19.75,19.88,21817300.0,19.75
1521,2015-09-21,94.52,96.49,95.55,94.62,28789973.0,95.55
1520,2014-06-06,62.15,63.48,62.5,63.37,42386300.0,62.5
1519,2017-06-01,150.3,152.29,151.53,151.75,14459173.0,151.53
1518,2013-07-01,24.62,25.0601,24.81,24.9694,20582200.0,24.81
1517,2015-08-26,83.26,87.46,87.19,85.95,45124302.0,87.19
1516,2014-10-31,74.45,75.7,74.99,74.93,44544325.0,74.99
1515,2017-10-17,174.36,176.13,176.11,174.71,15381990.0,176.11
1514,2018-02-07,179.95,185.0817,180.18,184.15,26891282.0,180.18
1513,2017-02-21,132.9,133.91,133.72,133.5,14759109.0,133.72
1512,2017-11-01,180.57,182.9,182.66,182.36,28922959.0,182.66
1511,2013-05-02,27.98,29.02,28.97,28.0099,104257000.0,28.97
1510,2013-08-19,37.14,38.28,37.81,37.43,57609600.0,37.81
1509,2012-08-15,20.4,21.41,21.2,20.64,47861100.0,21.2
1508,2013-04-03,25.7,26.39,26.25,25.83,48195200.0,26.25
1507,2016-04-04,111.61,114.55,112.55,114.07,48487913.0,112.55
1506,2017-09-29,168.81,171.66,170.87,168.83,15114619.0,170.87
1505,2014-04-02,62.21,63.91,62.72,63.21,66277000.0,62.72
1504,2014-06-05,62.82,64.36,63.186,63.66,47352000.0,63.186
1503,2018-07-20,208.5,211.5,209.94,208.85,16241508.0,209.94
1502,2014-12-23,80.4,82.17,80.61,82.02,19865820.0,80.61
1501,2015-01-07,75.82,77.36,76.15,76.76,22045333.0,76.15
1500,2017-04-21,142.27,144.17,143.68,143.9,12382002.0,143.68
1499,2018-01-18,177.08,180.98,179.8,178.13,22783759.0,179.8
1498,2017-11-06,178.31,180.45,180.17,178.56,13065077.0,180.17
1497,2017-09-19,170.36,172.56,172.52,170.62,12911661.0,172.52
1496,2015-06-23,84.76,87.97,87.88,84.96,50667853.0,87.88
1495,2017-12-07,175.8,180.39,180.14,175.8,19588217.0,180.14
1494,2016-05-19,115.88,117.49,116.81,117.05,20544109.0,116.81
1493,2013-10-28,49.61,51.7,50.229,51.54,73472000.0,50.229
1492,2014-06-17,63.93,64.88,64.4,64.1,27636500.0,64.4
1491,2014-12-02,75.04,75.91,75.46,75.33,16773884.0,75.46
1490,2017-03-08,137.05,137.99,137.72,137.15,10184514.0,137.72
1489,2017-12-18,179.75,181.3,180.82,181.01,17014337.0,180.82
1488,2012-07-12,30.6,31.4,30.81,30.7,11300700.0,30.81
1487,2018-03-28,150.8,155.88,153.03,151.65,60029170.0,153.03
1486,2016-11-21,117.8,121.95,121.77,118.2,35415366.0,121.77
1485,2013-07-29,34.01,35.63,35.43,34.07,124718800.0,35.43
1484,2012-11-09,19.13,20.0,19.21,19.955,42295500.0,19.21
1483,2015-05-05,77.22,78.8,77.56,78.55,22311318.0,77.56
1482,2012-10-03,21.8,22.49,21.83,22.295,32000100.0,21.83
1481,2013-12-23,55.45,58.32,57.77,55.5,98297000.0,57.77
1480,2015-07-17,92.54,95.39,94.97,92.55,54001635.0,94.97
1479,2016-02-04,109.25,111.94,110.49,111.8,38890199.0,110.49
1478,2016-06-07,117.67,119.3,117.76,119.24,17103023.0,117.76
1477,2013-01-28,31.81,32.5063,32.469,31.88,59682500.0,32.469
1476,2012-06-04,26.44,27.65,26.9,27.2,35230300.0,26.9
1475,2016-02-02,113.2,117.59,114.61,114.8,59778571.0,114.61
1474,2016-03-23,112.0,113.19,112.54,112.01,18561974.0,112.54
1473,2018-01-03,181.33,184.78,184.67,181.88,16595495.0,184.67
1472,2016-12-30,114.7739,116.83,115.05,116.595,18684106.0,115.05
1471,2016-09-19,128.26,129.94,128.65,129.91,14958794.0,128.65
1470,2017-12-12,176.6,179.18,176.96,178.6,16675275.0,176.96
1469,2017-12-13,177.25,179.16,178.3,177.3,14406776.0,178.3
1468,2016-05-03,117.02,118.16,117.43,117.52,24117463.0,117.43
1467,2018-07-13,206.45,208.43,207.32,207.81,11503401.0,207.32
1466,2012-06-22,32.06,33.45,33.05,32.41,74834000.0,33.05
1465,2017-10-06,169.75,172.37,172.23,170.25,12670089.0,172.23
1464,2014-07-17,66.04,67.85,66.4099,67.03,38024200.0,66.4099
1463,2016-04-26,108.15,110.5,108.76,110.49,22521534.0,108.76
1462,2014-01-29,53.19,54.95,53.53,54.61,92995600.0,53.53
1461,2016-07-13,116.68,118.4,116.78,118.39,16207662.0,116.78
1460,2013-12-09,47.74,48.97,48.84,48.09,36056000.0,48.84
1459,2015-06-16,80.45,81.51,81.06,80.82,13693666.0,81.06
1458,2014-09-26,77.33,78.8416,78.79,77.59,28872012.0,78.79
1457,2014-05-13,59.51,60.89,59.83,59.66,48525000.0,59.83
1456,2013-06-12,23.58,24.26,23.77,24.16,26445800.0,23.77
1455,2016-09-23,127.3,128.6,127.96,127.56,28326266.0,127.96
1454,2014-11-06,74.31,75.6,75.26,74.89,21383194.0,75.26
1453,2013-12-11,49.01,50.77,49.38,50.55,65776000.0,49.38
1452,2012-08-29,19.07,19.38,19.1,19.32,16124700.0,19.1
1451,2017-08-16,169.24,171.38,170.0,171.25,15580549.0,170.0
1450,2013-12-26,57.37,58.38,57.73,58.32,55101000.0,57.73
1449,2014-10-02,75.64,77.48,77.08,76.57,36487612.0,77.08
1448,2013-09-17,42.43,45.44,45.07,42.5,91934600.0,45.07
1447,2014-10-03,77.26,78.06,77.44,77.76,23340173.0,77.44
1446,2014-09-23,76.04,78.63,78.29,76.33,36721000.0,78.29
1445,2012-11-02,21.07,21.69,21.18,21.26,38344400.0,21.18
1444,2014-11-05,74.42,76.8,74.83,76.51,35912588.0,74.83
1443,2016-05-11,119.42,121.08,119.52,120.41,22038396.0,119.52
1442,2012-08-02,19.82,20.84,20.04,20.77,56374500.0,20.04
1441,2013-07-17,26.3,26.78,26.65,26.37,21518500.0,26.65
1440,2015-09-25,92.06,95.85,92.77,95.79,28961622.0,92.77
1439,2014-08-18,73.96,74.72,74.59,74.0,23913200.0,74.59
1438,2013-05-03,28.15,29.07,28.311,29.04,58506400.0,28.311
1437,2013-10-30,48.75,50.21,49.01,50.0,127073000.0,49.01
1436,2016-02-23,105.12,107.47,105.46,106.85,25319315.0,105.46
1435,2016-08-11,124.75,125.38,124.9,125.2,11729519.0,124.9
1434,2015-04-15,82.27,83.66,82.705,83.55,22390943.0,82.705
1433,2014-12-08,75.4,77.25,76.52,76.18,25733853.0,76.52
1432,2012-10-19,18.8,19.06,19.0,19.0,34835000.0,19.0
1431,2015-02-25,78.5,80.2,79.56,78.5,25593800.0,79.56
1430,2016-03-24,111.68,113.09,113.05,112.13,17839119.0,113.05
1429,2014-06-25,65.57,67.48,67.44,65.58,44245500.0,67.44
1428,2013-08-12,38.1,38.5,38.22,38.2,31161000.0,38.22
1427,2014-11-11,74.03,74.98,74.61,74.95,18735123.0,74.61
1426,2014-09-16,73.07,76.23,76.08,73.52,37672600.0,76.08
1425,2016-10-27,129.27,131.8,129.69,131.74,16741393.0,129.69
1424,2017-03-15,138.49,140.1,139.72,139.29,19344826.0,139.72
1423,2016-11-29,120.4,122.1,120.87,120.57,18890956.0,120.87
1422,2014-03-24,63.36,67.36,64.1,67.19,85696000.0,64.1
1421,2016-04-13,106.52,112.65,110.51,112.23,88227393.0,110.51
1420,2016-01-25,96.93,99.48,97.01,98.72,32482015.0,97.01
1419,2016-05-26,117.92,119.7601,119.47,118.24,18481340.0,119.47
1418,2016-09-15,127.67,129.1,128.35,127.98,15111838.0,128.35
1417,2012-09-21,22.6,23.24,22.86,22.97,51218100.0,22.86
1416,2016-05-12,118.9,120.84,120.28,119.98,22035465.0,120.28
1415,2013-11-19,45.72,47.0,46.36,46.26,75602000.0,46.36
1414,2016-11-03,119.5,123.28,120.0,122.0,63766259.0,120.0
1413,2017-06-12,144.56,149.2,148.44,148.17,33238543.0,148.44
1412,2015-02-13,75.5,76.48,75.74,76.46,18621860.0,75.74
1411,2018-02-16,176.3,179.88,177.36,178.99,20475445.0,177.36
1410,2018-02-26,183.2228,185.66,184.93,184.58,17418814.0,184.93
1409,2013-01-10,30.28,31.45,31.3,30.6,95316400.0,31.3
1408,2013-10-09,45.26,47.84,46.77,47.375,147297000.0,46.77
1407,2014-06-18,64.05,65.75,65.6,64.49,35493200.0,65.6
1406,2014-08-04,72.36,73.88,73.51,72.36,30656900.0,73.51
1405,2017-09-06,169.57,172.48,172.09,170.91,13659317.0,172.09
1404,2015-04-17,80.37,82.11,80.775,81.48,24214983.0,80.775
1403,2016-06-30,113.67,115.18,114.28,114.67,23192716.0,114.28
1402,2013-08-21,38.145,38.85,38.32,38.38,46116900.0,38.32
1401,2015-12-23,103.86,106.11,104.63,105.89,19599673.0,104.63
1400,2012-07-25,28.08,29.49,29.34,28.39,17230200.0,29.34
1399,2018-06-08,186.43,189.4754,189.1,187.53,12677092.0,189.1
1398,2012-08-07,20.5,22.45,20.72,22.2,36782900.0,20.72
1397,2016-04-11,108.77,110.91,108.99,110.7,39762304.0,108.99
1396,2015-02-12,75.89,76.87,76.23,76.86,17234976.0,76.23
1395,2013-01-17,30.03,30.42,30.14,30.08,40256700.0,30.14
1394,2013-08-20,37.69,38.58,38.41,38.35,57995200.0,38.41
1393,2016-04-28,116.23,120.79,116.73,119.575,87110080.0,116.73
1392,2013-10-08,47.08,50.6,47.14,50.6,136081000.0,47.14
1391,2014-06-09,61.79,63.34,62.88,62.4,37573600.0,62.88
1390,2015-06-19,82.12,82.98,82.51,82.83,23353194.0,82.51
1389,2017-08-23,168.2,169.36,168.71,168.84,9756817.0,168.71
1388,2018-06-29,193.955,197.5997,194.32,197.32,15811602.0,194.32
1387,2017-11-21,178.99,181.89,181.86,179.15,14409305.0,181.86
1386,2014-01-03,54.53,55.65,54.557,55.02,38246200.0,54.557
1385,2017-07-03,147.8,152.15,148.43,151.72,13860113.0,148.43
1384,2015-11-02,101.18,103.47,103.31,102.46,24003944.0,103.31
1383,2018-07-23,208.8,211.62,210.91,210.58,16731969.0,210.91
1382,2018-06-01,192.07,194.5492,193.99,193.065,17307245.0,193.99
1381,2016-09-07,129.95,131.98,131.05,130.04,27990796.0,131.05
1380,2012-10-12,19.48,19.8,19.5181,19.75,18809400.0,19.5181
1379,2017-01-03,115.51,117.84,116.86,116.03,20663912.0,116.86
1378,2017-05-10,148.86,150.52,150.29,150.23,11653395.0,150.29
1377,2017-07-27,167.5,175.49,170.44,174.7,68065163.0,170.44
1376,2013-11-07,47.3,49.87,47.56,49.24,97128000.0,47.56
1375,2018-06-14,192.91,197.28,196.81,193.1,19120866.0,196.81
1374,2013-04-08,26.63,27.2,26.849,27.19,27256000.0,26.849
1373,2012-11-23,23.88,24.68,23.998,24.58,29520900.0,23.998
1372,2013-12-03,46.29,47.2,46.73,46.75,32086000.0,46.73
1371,2018-04-11,163.25,168.65,166.32,165.36,56144633.0,166.32
1370,2016-05-20,116.95,117.99,117.35,116.96,18944831.0,117.35
1369,2013-08-07,37.7,38.94,38.87,38.61,68854800.0,38.87
1368,2014-12-26,80.51,81.28,80.775,81.02,10647388.0,80.775
1367,2016-08-23,124.25,125.09,124.37,124.51,13309452.0,124.37
1366,2012-06-27,31.9,32.9,32.23,32.46,28568000.0,32.23
1365,2018-03-21,163.3,173.4,169.39,164.8,105350867.0,169.39
1364,2016-03-21,111.03,112.37,111.85,111.66,18447974.0,111.85
1363,2013-09-18,44.395,45.47,45.23,44.84,79317000.0,45.23
1362,2016-02-10,100.24,103.25,101.0,101.55,45179370.0,101.0
1361,2017-03-30,141.85,142.95,142.41,142.4,12403997.0,142.41
1360,2014-03-17,66.62,68.95,68.7399,68.18,52197000.0,68.7399
1359,2015-01-23,77.04,78.19,77.83,77.65,16746503.0,77.83
1358,2013-03-07,27.47,28.675,28.578,27.57,74540200.0,28.578
1357,2017-07-24,164.31,166.17,166.0,164.64,16595460.0,166.0
1356,2015-10-26,101.55,103.81,103.77,102.2,25961212.0,103.77
1355,2016-11-16,114.21,117.88,116.34,114.48,32397947.0,116.34
1354,2016-02-25,105.61,108.07,108.07,107.11,29906278.0,108.07
1353,2018-02-14,173.2119,179.81,179.52,173.45,27963758.0,179.52
1352,2012-05-25,31.11,32.95,31.91,32.9,37149800.0,31.91
1351,2016-01-29,108.84,112.84,112.21,108.99,62739548.0,112.21
1350,2017-04-03,140.82,142.47,142.28,141.93,13563960.0,142.28
1349,2016-03-14,108.77,110.33,109.89,109.28,17249365.0,109.89
1348,2018-04-06,156.81,161.42,157.2,157.73,41644812.0,157.2
1347,2016-06-17,112.56,114.43,113.02,114.42,24644308.0,113.02
1346,2014-01-28,54.0,55.28,55.14,54.02,48191200.0,55.14
1345,2016-07-18,116.89,119.61,119.37,117.32,20868367.0,119.37
1344,2018-05-21,183.13,185.3,184.49,183.77,13532864.0,184.49
1343,2014-04-23,61.26,63.48,61.36,63.45,96565000.0,61.36
1342,2013-12-19,53.95,55.19,55.05,54.33,89753200.0,55.05
1341,2016-10-20,129.5,130.66,130.0,130.07,13167503.0,130.0
1340,2012-06-06,25.52,27.17,26.81,26.07,61489200.0,26.81
1339,2014-05-12,57.98,59.9,59.83,57.98,48575000.0,59.83
1338,2017-11-10,177.96,179.1,178.46,178.35,10933405.0,178.46
1337,2017-06-09,146.61,155.59,149.6,154.77,35256368.0,149.6
1336,2018-06-19,193.79,197.96,197.49,196.2352,19993996.0,197.49
1335,2013-08-23,38.93,40.63,40.55,39.0,86442300.0,40.55
1334,2018-02-09,167.18,176.9,176.11,174.76,37214470.0,176.11
1333,2012-08-08,20.22,21.15,20.72,20.71,29537400.0,20.72
1332,2014-03-10,70.51,72.15,72.03,70.77,59871600.0,72.03
1331,2016-03-08,104.4,107.37,105.93,104.78,25204666.0,105.93
1330,2015-04-20,81.24,83.15,83.09,81.54,28796761.0,83.09
1329,2015-05-13,77.65,78.53,78.44,77.72,21512309.0,78.44
1328,2015-07-29,94.74,97.28,96.99,96.32,64648320.0,96.99
1327,2017-01-19,127.45,128.35,127.55,128.23,12195465.0,127.55
1326,2013-03-27,24.72,26.28,26.09,25.0,52297400.0,26.09
1325,2018-07-12,203.19,207.08,206.92,203.43,15454706.0,206.92
1324,2014-06-02,62.05,63.59,63.08,63.23,35947400.0,63.08
1323,2012-09-07,18.78,19.42,18.98,19.1,36371700.0,18.98
1322,2018-03-22,163.72,170.27,164.89,166.13,73389988.0,164.89
1321,2014-07-02,65.79,68.3,66.45,68.04,41805900.0,66.45
1320,2014-06-23,64.22,65.66,65.37,64.32,34434000.0,65.37
1319,2014-10-23,79.01,80.63,80.04,79.38,35055800.0,80.04
1318,2016-06-29,113.04,114.25,114.16,113.37,20968273.0,114.16
1317,2012-10-08,20.155,20.75,20.4,20.4,32236700.0,20.4
1316,2014-10-17,73.75,76.0,75.95,74.23,76341638.0,75.95
1315,2013-09-11,43.11,45.09,45.04,43.39,72328300.0,45.04
1314,2013-12-10,48.54,50.77,50.245,48.64,68479000.0,50.245
1313,2015-08-10,93.63,95.9,94.15,95.68,21624153.0,94.15
1312,2013-06-03,23.71,24.32,23.848,24.265,35733800.0,23.848
1311,2016-01-13,95.21,100.58,95.44,100.58,33410553.0,95.44
1310,2017-08-30,167.63,170.18,169.92,168.17,10850005.0,169.92
1309,2012-07-03,30.8,31.44,31.2,30.91,8763600.0,31.2
1308,2016-03-15,108.84,110.83,110.67,109.11,17618460.0,110.67
1307,2014-03-04,67.62,68.9,68.8,68.66,42013500.0,68.8
1306,2016-12-07,116.57,117.95,117.95,117.0,21913658.0,117.95
1305,2013-12-12,50.66,52.07,51.83,51.045,92723000.0,51.83
1304,2015-07-13,88.42,90.22,90.1,88.66,29976670.0,90.1
1303,2013-10-14,47.91,49.63,49.51,48.31,68781000.0,49.51
1302,2018-03-09,183.21,185.51,185.23,183.91,17952177.0,185.23
1301,2018-03-07,178.07,183.82,183.71,178.74,19097293.0,183.71
1300,2014-03-06,70.25,71.89,70.84,71.88,46026500.0,70.84
1299,2016-07-07,115.36,116.97,115.85,116.63,16630201.0,115.85
1298,2018-02-05,180.61,190.61,181.26,186.93,29852293.0,181.26
1297,2016-12-21,118.48,119.2,119.04,118.92,10767646.0,119.04
1296,2014-12-05,75.36,76.76,76.36,75.8,24306446.0,76.36
1295,2014-01-15,57.27,58.57,57.6,57.98,33663400.0,57.6
1294,2012-11-07,20.37,20.95,20.47,20.85,33396800.0,20.47
1293,2016-10-24,132.15,133.405,133.28,132.72,17470227.0,133.28
1292,2013-06-25,24.04,24.43,24.25,24.14,24713200.0,24.25
1291,2013-03-12,27.6,28.32,27.83,28.1,27569600.0,27.83
1290,2018-03-27,150.75,162.85,152.22,156.31,76787884.0,152.22
1289,2017-05-08,149.74,151.08,151.06,150.71,15662472.0,151.06
1288,2015-08-05,95.18,97.09,96.44,95.25,29629221.0,96.44
1287,2017-01-09,123.04,125.43,124.9,123.55,22880360.0,124.9
1286,2016-03-07,104.72,108.07,105.73,108.07,31534055.0,105.73
1285,2013-10-18,53.6,54.825,54.22,54.18,88260000.0,54.22
1284,2013-06-07,22.86,23.4,23.291,23.03,38699200.0,23.291
1283,2016-08-19,123.28,124.157,123.56,123.6,11688265.0,123.56
1282,2014-06-26,66.9,68.0,67.13,68.0,47646700.0,67.13
1281,2012-12-31,26.11,26.99,26.6197,26.2,60374500.0,26.6197
1280,2015-04-29,79.52,81.39,80.465,80.01,26430258.0,80.465
1279,2016-10-07,128.33,129.25,128.99,129.04,12804420.0,128.99
1278,2012-12-03,26.98,28.88,27.04,27.9999,123526100.0,27.04
1277,2017-12-01,172.34,177.48,175.1,176.03,19966643.0,175.1
1276,2017-03-07,136.99,138.37,137.3,137.03,13527132.0,137.3
1275,2017-12-05,169.01,175.38,172.83,170.45,20028656.0,172.83
1274,2013-11-13,46.06,48.74,48.71,46.23,79245000.0,48.71
1273,2014-05-16,57.31,58.45,58.0199,58.31,47933000.0,58.0199
1272,2013-01-09,29.49,30.6,30.59,29.67,104787700.0,30.59
1271,2014-03-20,66.82,68.23,66.97,68.01,44439000.0,66.97
1270,2012-07-27,22.28,24.54,23.705,23.19,123102300.0,23.705
1269,2018-03-20,161.95,170.2,168.15,167.47,128925534.0,168.15
1268,2012-10-04,21.41,22.4,21.9475,22.32,46892100.0,21.9475
1267,2016-07-22,119.31,121.01,121.0,119.9,18422410.0,121.0
1266,2017-12-26,174.67,177.0,175.99,176.63,8726829.0,175.99
1265,2015-11-06,105.91,108.74,107.095,108.04,35084342.0,107.095
1264,2013-04-12,27.24,28.0,27.4,28.0,28697400.0,27.4
1263,2013-05-10,26.57,27.3,26.68,27.14,30847100.0,26.68
1262,2018-06-11,188.8,192.6,191.54,188.81,12928907.0,191.54
1261,2014-03-18,68.3,69.6,69.19,68.76,40827000.0,69.19
1260,2012-11-27,25.46,26.5,26.15,26.04,85760600.0,26.15
1259,2013-04-29,26.86,27.41,26.98,27.16,29201100.0,26.98
1258,2012-10-16,19.3,19.69,19.48,19.68,21834700.0,19.48
1257,2015-02-26,79.72,81.37,80.41,79.88,31111891.0,80.41
1256,2017-03-23,139.09,140.39,139.53,139.48,13022801.0,139.53
1255,2014-08-15,73.0,74.65,73.63,74.32,38846600.0,73.63
1254,2017-04-10,140.63,141.43,141.04,141.0,9039366.0,141.04
1253,2014-10-10,72.76,76.5,72.91,75.59,52146162.0,72.91
1252,2014-04-04,56.32,60.2,56.749,59.94,125214400.0,56.749
1251,2015-03-24,84.52,86.0699,85.31,84.71,32576522.0,85.31
1250,2014-08-19,74.77,75.58,75.29,74.81,26618600.0,75.29
1249,2012-10-15,19.49,19.88,19.52,19.68,20189700.0,19.52
1248,2015-12-29,106.25,107.74,107.26,106.42,17179901.0,107.26
1247,2012-10-09,19.97,20.55,20.227,20.39,27161800.0,20.227
1246,2013-11-26,43.55,46.17,45.89,44.66,82016000.0,45.89
1245,2013-10-24,51.5928,52.84,52.445,52.38,46775000.0,52.445
1244,2016-05-23,115.94,117.6,115.97,117.42,20441004.0,115.97
1243,2016-02-11,98.88,105.11,101.91,99.6,43670634.0,101.91
1242,2013-06-10,23.99,24.6,24.33,24.06,58393000.0,24.33
1241,2017-07-17,158.81,160.78,159.73,160.25,12567935.0,159.73
1240,2014-07-29,73.4229,74.92,73.71,74.72,41126900.0,73.71
1239,2014-04-29,55.84,58.28,58.15,56.09,75557000.0,58.15
1238,2016-02-03,109.75,115.3407,112.69,115.27,56919324.0,112.69
1237,2014-01-10,57.06,58.3,57.94,57.13,42449500.0,57.94
1236,2012-09-12,20.28,21.16,20.931,20.76,121584000.0,20.931
1235,2018-07-26,173.75,180.13,176.26,174.89,169803668.0,176.26
1234,2016-01-27,94.23,97.85,94.45,97.79,58699359.0,94.45
1233,2012-07-17,27.15,28.59,28.09,28.48,30438600.0,28.09
1232,2016-08-26,123.91,125.19,124.96,124.05,17504825.0,124.96
1231,2017-09-01,171.31,172.92,172.02,172.4,11677589.0,172.02
1230,2014-05-21,58.25,60.5,60.49,58.56,58992000.0,60.49
1229,2012-10-02,21.82,22.49,22.27,22.08,29341400.0,22.27
1228,2017-02-17,133.17,134.09,133.53,133.5,12276490.0,133.53
1227,2016-02-01,112.01,115.72,115.09,112.27,46132726.0,115.09
1226,2018-03-26,149.02,161.1,160.06,160.82,125438294.0,160.06
1225,2015-02-02,73.75,76.14,74.99,76.11,41955258.0,74.99
1224,2013-09-06,42.4,44.61,43.95,43.09,117535700.0,43.95
1223,2012-09-17,21.5,22.75,21.52,22.67,50667600.0,21.52
1222,2017-06-13,148.9,151.18,150.68,150.15,20316202.0,150.68
1221,2017-04-20,142.69,144.25,143.8,142.95,15968164.0,143.8
1220,2012-08-16,19.69,20.48,19.87,20.44,157565300.0,19.87
1219,2012-12-05,27.26,27.9,27.71,27.75,58976300.0,27.71
1218,2015-11-25,105.1,106.6,105.41,106.33,15150785.0,105.41
1217,2017-06-23,152.65,155.2,155.07,152.72,16192249.0,155.07
1216,2016-11-07,121.35,123.2089,122.15,122.83,23008880.0,122.15
1215,2015-12-11,101.91,104.34,102.12,104.15,26427727.0,102.12
1214,2016-12-02,114.3,116.48,115.4,115.11,25070364.0,115.4
1213,2015-04-23,82.41,85.59,82.41,84.1,73728080.0,82.41
1212,2017-11-27,181.99,183.73,183.03,182.56,12249740.0,183.03
1211,2014-05-20,58.18,60.19,58.56,59.5,53931000.0,58.56
1210,2017-12-28,177.68,178.9367,177.92,177.95,11008996.0,177.92
1209,2017-01-27,131.08,132.95,132.18,132.68,19539514.0,132.18
1208,2016-04-25,109.07,110.67,110.1,109.87,21017895.0,110.1
1207,2016-11-15,115.83,118.49,117.2,116.73,34681369.0,117.2
1206,2016-01-12,97.55,99.96,99.37,99.0,28395390.0,99.37
1205,2015-10-06,92.34,94.17,92.8,94.08,22488275.0,92.8
1204,2017-08-01,169.05,170.47,169.86,169.82,14051379.0,169.86
1203,2015-03-23,83.3,84.96,84.43,83.92,27357333.0,84.43
1202,2014-03-05,69.62,71.97,71.57,69.69,74567700.0,71.57
1201,2015-05-20,79.46,81.1,80.55,80.47,23056899.0,80.55
1200,2015-03-25,82.92,85.52,82.92,85.5,37436147.0,82.92
1199,2015-03-17,78.34,79.78,79.365,78.36,22169969.0,79.365
1198,2013-04-01,25.28,25.89,25.53,25.63,22249300.0,25.53
1197,2015-04-30,78.32,80.96,78.77,80.01,28999005.0,78.77
1196,2013-10-15,49.18,51.0,49.5,49.99,81167000.0,49.5
1195,2014-05-30,62.56,64.17,63.3,63.95,45253500.0,63.3
1194,2013-04-23,25.77,26.33,25.98,26.215,25191500.0,25.98
1193,2012-09-14,20.9,22.08,22.0,21.13,72819800.0,22.0
1192,2012-07-23,28.01,29.0,28.75,28.12,12390700.0,28.75
1191,2012-07-10,31.1599,32.48,31.47,32.43,14269500.0,31.47
1190,2013-09-30,49.8,51.6,50.23,50.14,100095000.0,50.23
1189,2013-09-19,45.23,46.05,45.98,45.51,63972400.0,45.98
1188,2014-02-28,67.38,69.88,68.46,69.47,66783700.0,68.46
1187,2017-02-02,130.4,135.49,130.84,133.22,54366447.0,130.84
1186,2017-02-22,133.46,136.79,136.12,133.6,27360092.0,136.12
1185,2016-04-08,109.9,114.33,110.63,114.25,48497808.0,110.63
1184,2014-03-26,60.37,64.95,60.385,64.74,97503900.0,60.385
1183,2014-03-12,69.0,71.35,70.8799,69.86,46340500.0,70.8799
1182,2016-03-31,113.7682,115.01,114.1,114.7,21207526.0,114.1
1181,2015-01-14,76.0291,77.2,76.28,76.42,25918564.0,76.28
1180,2015-03-31,82.21,83.5,82.215,82.9,19734277.0,82.215
1179,2013-10-21,53.51,54.81,53.85,54.68,58235000.0,53.85
1178,2013-08-05,38.25,39.32,39.189,38.43,79994800.0,39.189
1177,2014-12-10,76.07,77.55,76.18,76.65,32210532.0,76.18
1176,2017-03-27,138.77,140.65,140.32,139.05,12800544.0,140.32
1175,2017-04-11,138.81,141.03,139.92,140.8,16638087.0,139.92
1174,2013-02-11,28.04,28.68,28.26,28.61,37361800.0,28.26
1173,2014-03-31,59.87,61.52,60.24,60.78,53011000.0,60.24
1172,2014-12-30,79.1,80.59,79.22,79.85,14370763.0,79.22
1171,2014-04-28,54.66,58.31,56.14,58.05,107758000.0,56.14
1170,2017-06-02,151.3,153.63,153.61,151.85,16787255.0,153.61
1169,2016-09-28,128.4,129.47,129.23,129.21,12047636.0,129.23
1168,2015-12-31,104.62,106.17,104.66,106.0,18391064.0,104.66
1167,2018-04-17,165.66,169.0,168.66,165.83,22743029.0,168.66
1166,2013-03-21,25.56,26.11,25.74,25.66,24336100.0,25.74
1165,2014-11-24,73.35,74.35,74.01,73.54,22103831.0,74.01
1164,2016-05-27,119.01,119.85,119.38,119.56,13493563.0,119.38
1163,2014-05-05,59.18,61.35,61.22,59.67,46057000.0,61.22
1162,2012-12-06,26.82,27.75,26.97,27.68,46001500.0,26.97
1161,2016-02-17,100.4,105.72,105.2,101.94,44073369.0,105.2
1160,2013-05-07,26.85,27.85,26.889,27.55,41259100.0,26.889
1159,2012-08-14,20.25,21.6,20.38,21.41,39308800.0,20.38
1158,2012-09-24,20.3625,21.98,20.79,21.78,79106500.0,20.79
1157,2017-11-22,180.44,181.73,180.87,181.3,10238140.0,180.87
1156,2012-06-01,27.39,29.15,27.72,28.892,41855500.0,27.72
1155,2015-12-24,104.5,105.32,105.02,104.74,6512134.0,105.02
1154,2017-08-04,168.69,170.06,169.62,168.97,10360774.0,169.62
1153,2013-06-14,23.26,23.89,23.63,23.56,30677100.0,23.63
1152,2015-10-13,93.55,95.37,94.12,93.66,19480347.0,94.12
1151,2014-08-21,74.4149,75.19,74.57,74.92,20075900.0,74.57
1150,2013-06-26,23.99,24.65,24.16,24.51,29890300.0,24.16
1149,2017-08-10,166.85,170.59,167.4,170.06,20353485.0,167.4
1148,2012-12-14,26.76,28.33,26.812,28.18,91631600.0,26.812
1147,2015-09-02,87.63,89.89,89.89,88.82,27190527.0,89.89
1146,2017-05-02,151.66,153.44,152.78,153.34,21255365.0,152.78
1145,2014-09-02,74.82,76.7,76.68,75.01,34785800.0,76.68
1144,2017-10-18,175.75,176.74,176.03,176.65,12655492.0,176.03
1143,2015-03-19,81.0,83.0,82.75,81.12,42099523.0,82.75
1142,2014-01-22,57.1,59.31,57.51,58.85,61352900.0,57.51
1141,2017-07-13,158.4227,159.78,159.26,158.74,13839891.0,159.26
1140,2017-07-06,148.0,150.04,148.82,149.03,14788811.0,148.82
1139,2015-08-07,93.61,95.4,94.3,95.38,23199145.0,94.3
1138,2013-11-22,45.96,47.27,46.23,47.04,40545000.0,46.23
1137,2016-12-28,116.65,118.25,116.92,118.19,12087377.0,116.92
1136,2016-08-31,125.1,126.22,126.12,125.6,14200636.0,126.12
1135,2014-07-07,65.12,66.57,65.29,66.3,28707100.0,65.29
1134,2013-08-27,39.42,41.2,39.64,40.68,72695100.0,39.64
1133,2012-05-18,38.0,45.0,38.2318,42.05,573576400.0,38.2318
1132,2015-04-28,80.23,81.9,80.68,81.83,23775344.0,80.68
1131,2015-06-10,80.81,82.6,82.16,80.83,21531208.0,82.16
1130,2016-12-23,116.3,117.56,117.27,117.0,10889985.0,117.27
1129,2016-05-18,116.73,118.27,117.65,116.8,21642299.0,117.65
1128,2016-06-01,117.82,119.08,118.78,118.5,15029494.0,118.78
1127,2018-02-13,173.1,175.97,173.15,175.62,20880702.0,173.15
1126,2015-02-27,78.62,81.23,78.97,80.68,30739197.0,78.97
1125,2016-03-10,105.7699,108.66,107.32,107.91,24854284.0,107.32
1124,2013-09-04,41.44,42.17,41.78,42.01,42581900.0,41.78
1123,2018-05-25,184.45,186.33,184.92,186.02,10965061.0,184.92
1122,2015-12-22,104.81,105.6601,105.51,105.22,14597122.0,105.51
1121,2018-05-31,187.48,192.72,191.78,187.87,30782631.0,191.78
1120,2013-01-03,27.59,28.47,27.77,27.88,63140600.0,27.77
1119,2014-03-28,59.335,61.95,60.01,61.34,67052000.0,60.01
1118,2013-05-23,24.77,25.53,25.06,24.8,37663100.0,25.06
1117,2015-12-16,104.19,107.09,106.79,105.37,22680547.0,106.79
1116,2013-03-04,27.44,28.06,27.72,27.76,32400700.0,27.72
1115,2013-12-24,56.91,58.58,57.96,58.27,46617800.0,57.96
1114,2015-05-29,78.88,80.07,79.19,79.95,16134580.0,79.19
1113,2018-02-08,171.4815,181.84,171.58,181.01,35672214.0,171.58
1112,2013-01-25,31.13,31.93,31.54,31.41,54363600.0,31.54
1111,2014-08-13,73.05,74.25,73.77,73.12,29198500.0,73.77
1110,2012-08-21,19.09,19.98,19.159,19.58,70640600.0,19.159
1109,2015-06-30,85.57,86.7,85.765,86.6,23233183.0,85.765
1108,2014-08-26,74.73,75.99,75.9601,75.0,23886100.0,75.9601
1107,2015-02-20,79.2,80.34,79.895,79.55,36931698.0,79.895
1106,2018-06-12,191.56,193.28,192.4,192.17,11562704.0,192.4
1105,2014-04-09,59.1882,62.4558,62.41,59.63,100215000.0,62.41
1104,2013-09-24,48.16,49.66,48.45,48.505,136716100.0,48.45
1103,2017-03-29,141.43,142.86,142.65,141.99,16527574.0,142.65
1102,2018-01-30,181.84,188.18,187.12,183.01,20382841.0,187.12
1101,2014-06-30,67.13,67.92,67.29,67.46,27102800.0,67.29
1100,2014-07-01,67.39,68.44,68.06,67.58,33166100.0,68.06
1099,2016-10-10,129.2,130.7,130.24,129.68,15138720.0,130.24
1098,2014-05-07,56.26,59.3,57.39,58.77,78587000.0,57.39
1097,2014-05-19,57.57,59.56,59.21,57.89,43034000.0,59.21
1096,2014-06-10,63.5,65.82,65.77,63.53,69206900.0,65.77
1095,2017-10-09,172.0,174.88,172.5,172.7,14472612.0,172.5
1094,2016-04-19,109.16,112.45,112.29,111.1,30210455.0,112.29
1093,2012-11-30,26.76,28.0,28.0,27.26,127049600.0,28.0
1092,2012-12-04,26.68,27.76,27.46,27.06,72869200.0,27.46
1091,2015-05-01,78.11,79.76,78.99,79.24,24136358.0,78.99
1090,2015-03-09,78.63,79.91,79.44,79.68,18925097.0,79.44
1089,2012-11-01,21.01,21.44,21.21,21.08,37713900.0,21.21
1088,2018-02-01,187.89,195.32,193.09,188.22,53608910.0,193.09
1087,2014-08-01,71.55,73.22,72.36,72.22,43456400.0,72.36
1086,2015-11-23,106.08,107.468,106.95,107.19,19897220.0,106.95
1085,2012-08-13,21.4,22.45,21.6,22.15,24973100.0,21.6
1084,2016-11-25,120.07,121.14,120.38,121.01,8658605.0,120.38
1083,2017-10-23,171.25,175.34,171.27,175.2,13622072.0,171.27
1082,2017-04-06,140.91,142.22,141.17,142.11,15103426.0,141.17
1081,2016-05-09,118.9,120.28,119.24,119.54,21138059.0,119.24
1080,2016-07-08,115.85,117.5,117.24,116.43,18142597.0,117.24
1079,2017-08-11,166.85,168.82,168.08,167.95,13664032.0,168.08
1078,2017-05-05,149.79,151.63,150.24,151.45,17051519.0,150.24
1077,2014-05-27,61.57,63.51,63.48,61.62,55682000.0,63.48
1076,2013-03-08,27.73,28.47,27.96,28.425,44198900.0,27.96
1075,2012-05-30,27.86,29.55,28.19,28.695,57267900.0,28.19
1074,2013-07-18,26.12,26.77,26.18,26.75,24806900.0,26.18
1073,2015-01-09,77.2,78.62,77.74,78.2,21004109.0,77.74
1072,2018-05-03,172.12,176.12,174.02,175.13,24026071.0,174.02
1071,2016-12-22,116.93,118.99,117.4,118.86,16258587.0,117.4
1070,2017-05-03,151.34,153.6,151.8,153.6,21755088.0,151.8
1069,2012-09-06,18.72,19.2617,18.96,18.74,46066500.0,18.96
1068,2012-10-31,20.73,21.5,21.11,20.82,99378200.0,21.11
1067,2012-12-24,26.2,26.96,26.93,26.5,28230100.0,26.93
1066,2013-08-09,38.01,38.74,38.5,38.59,43532300.0,38.5
1065,2017-02-27,135.02,137.18,136.41,135.26,14306668.0,136.41
1064,2018-07-17,204.84,210.46,209.99,204.9,15349892.0,209.99
1063,2012-09-26,19.8,20.78,20.62,20.145,38271900.0,20.62
1062,2018-06-21,200.09,203.39,201.5,202.76,19045717.0,201.5
1061,2014-09-18,76.52,77.33,77.0,76.77,22983300.0,77.0
1060,2014-07-15,66.26,68.0899,67.165,67.96,44213200.0,67.165
1059,2016-08-25,123.1,124.37,123.89,123.12,10730811.0,123.89
1058,2016-02-18,103.03,106.0,103.47,105.8,29593508.0,103.47
1057,2012-06-15,28.35,30.1,30.014,28.505,43563800.0,30.014
1056,2018-04-05,156.65,161.575,159.34,161.56,41449609.0,159.34
1055,2014-10-29,74.78,76.88,75.86,75.45,106119520.0,75.86
1054,2012-05-31,26.83,29.67,29.6,28.545,111639200.0,29.6
1053,2016-08-03,122.31,123.92,122.51,123.09,18525332.0,122.51
1052,2013-10-07,50.4,51.29,50.515,50.73,57204000.0,50.515
1051,2014-11-25,74.13,75.74,75.63,74.21,32250205.0,75.63
1050,2012-10-24,22.85,24.25,23.2299,24.13,228949900.0,23.2299
1049,2016-05-25,117.38,118.665,117.89,118.13,20035494.0,117.89
1048,2012-07-06,31.26,31.9,31.73,31.44,10945600.0,31.73
1047,2015-08-31,88.89,91.05,89.43,90.59,32850666.0,89.43
1046,2014-02-05,61.27,63.16,62.19,62.74,51685100.0,62.19
1045,2014-09-19,76.44,78.3,77.91,77.4,76638600.0,77.91
1044,2014-03-13,68.15,71.35,68.83,71.29,57091000.0,68.83
1043,2015-01-12,76.21,78.0,76.72,77.84,19190194.0,76.72
1042,2013-05-09,26.85,27.55,27.04,27.08,33457200.0,27.04
1041,2016-04-07,113.0663,114.89,113.64,113.79,20714537.0,113.64
1040,2013-10-17,50.95,52.22,52.21,51.12,71522000.0,52.21
1039,2015-05-08,78.03,79.23,78.51,79.1,19943595.0,78.51
1038,2013-05-01,27.31,27.915,27.43,27.85,64567600.0,27.43
1037,2018-01-11,187.38,188.4,187.77,188.4,8855144.0,187.77
1036,2018-07-09,202.1201,205.8,204.74,204.93,18149437.0,204.74
1035,2015-05-26,79.08,80.6,79.335,80.43,16321339.0,79.335
1034,2018-05-24,185.03,186.8,185.93,185.88,12354742.0,185.93
1033,2018-03-15,182.19,184.0,183.86,183.24,15461869.0,183.86
1032,2018-02-22,177.41,180.21,178.99,178.7,17085490.0,178.99
1031,2018-06-28,193.26,197.34,196.23,195.18,18172439.0,196.23
1030,2015-07-21,97.1427,99.24,98.39,98.95,39453332.0,98.39
1029,2013-05-22,24.92,25.85,25.159,25.65,45314500.0,25.159
1028,2012-08-17,19.0,20.08,19.05,20.005,129293400.0,19.05
1027,2013-01-18,29.27,30.44,29.66,30.31,49631500.0,29.66
1026,2013-08-15,36.0201,37.07,36.56,36.36,56521100.0,36.56
1025,2013-09-13,43.93,45.08,44.31,45.04,52765300.0,44.31
1024,2012-11-12,18.87,20.17,20.07,19.15,67349200.0,20.07
1023,2018-05-16,182.66,184.32,183.2,183.6952,16975495.0,183.2
1022,2017-01-20,126.78,128.48,127.04,128.1,19097223.0,127.04
1021,2013-06-18,24.08,24.69,24.21,24.09,36709100.0,24.21
1020,2012-05-24,31.77,33.21,33.03,32.95,50237200.0,33.03
1019,2013-06-17,23.75,24.25,24.022,23.91,33664500.0,24.022
1018,2013-09-26,49.5,50.6,50.39,50.01,98220100.0,50.39
1017,2012-12-07,26.84,27.78,27.485,27.07,51751900.0,27.485
1016,2016-02-09,96.82,102.4,99.54,97.14,62709018.0,99.54
1015,2013-12-30,53.43,55.18,53.71,54.93,68307000.0,53.71
1014,2015-03-27,82.88,83.95,83.3,83.38,18372582.0,83.3
1013,2017-01-06,120.03,123.88,123.41,120.98,28545263.0,123.41
1012,2012-11-14,19.93,22.5,22.36,20.1,229751000.0,22.36
1011,2015-05-19,80.55,81.69,80.63,81.25,17955389.0,80.63
1010,2018-01-31,185.22,189.83,186.89,188.37,27299152.0,186.89
1009,2015-02-09,73.45,74.83,74.44,74.05,16194322.0,74.44
1008,2014-02-14,66.72,67.58,67.09,67.5,36694900.0,67.09
1007,2013-01-24,30.81,31.49,31.08,31.27,43845100.0,31.08
1006,2015-09-03,87.73,89.82,88.15,89.76,27048198.0,88.15
1005,2015-06-15,80.07,80.93,80.71,80.55,18805087.0,80.71
1004,2018-02-06,177.74,185.77,185.31,178.57,36829710.0,185.31
1003,2016-12-15,119.63,122.5,120.57,120.08,20139568.0,120.57
1002,2016-09-22,129.56,130.73,130.08,130.5,15538307.0,130.08
1001,2018-02-28,178.14,182.88,178.32,182.3,18208084.0,178.32
1000,2012-07-30,23.03,24.04,23.15,23.995,29285900.0,23.15
999,2014-08-28,73.73,74.43,73.855,74.0,21922800.0,73.855
998,2014-10-14,72.05,74.18,73.59,74.0,50299288.0,73.59
997,2012-09-28,20.5,21.95,21.66,20.57,65486000.0,21.66
996,2015-11-18,105.39,107.88,107.77,105.8,23836526.0,107.77
995,2017-02-24,134.16,135.62,135.44,134.16,12625742.0,135.44
994,2015-11-04,102.48,104.14,103.94,103.19,43469308.0,103.94
993,2015-11-19,105.95,107.73,106.26,107.36,25520599.0,106.26
992,2016-01-28,104.81,110.34,109.11,107.2,107475327.0,109.11
991,2013-01-29,30.71,32.07,30.79,32.0,72976500.0,30.79
990,2017-12-15,178.36,180.4934,180.18,179.02,26225100.0,180.18
989,2012-07-11,30.55,31.56,30.97,31.48,13030300.0,30.97
988,2015-12-30,106.06,107.25,106.22,107.0,13115007.0,106.22
987,2012-12-10,27.1,28.17,27.84,27.17,50608500.0,27.84
986,2015-10-07,91.37,93.66,92.4,93.11,24129277.0,92.4
985,2017-04-19,141.27,143.04,142.27,141.35,15563945.0,142.27
984,2013-06-13,23.265,23.83,23.73,23.72,31189300.0,23.73
983,2014-04-01,60.24,62.66,62.62,60.46,59291000.0,62.62
982,2015-12-02,105.79,107.92,106.07,107.0,24429063.0,106.07
981,2017-06-21,151.88,154.08,153.91,152.36,14760242.0,153.91
980,2016-05-06,117.1127,119.637,119.49,117.16,26395568.0,119.49
979,2015-01-06,75.365,77.59,76.15,77.23,27399288.0,76.15
978,2015-03-11,77.26,78.43,77.57,77.8,20215704.0,77.57
977,2013-05-24,24.08,24.97,24.3125,24.97,58727900.0,24.3125
976,2013-08-06,37.94,39.25,38.55,39.11,63950800.0,38.55
975,2017-03-21,138.4,142.31,138.51,141.15,29894784.0,138.51
974,2016-01-11,95.39,98.6,97.51,97.91,29932385.0,97.51
973,2013-09-25,48.46,49.54,49.46,49.23,87879700.0,49.46
972,2014-08-20,74.62,75.18,74.81,74.97,22878000.0,74.81
971,2013-03-20,25.78,26.69,25.86,26.68,44006500.0,25.86
970,2013-02-21,27.15,28.55,27.283,28.28,49642300.0,27.283
969,2015-04-08,81.84,83.1,82.275,82.63,18966732.0,82.275
968,2016-06-20,112.75,114.72,113.37,113.77,20785390.0,113.37
967,2012-11-15,21.65,22.5,22.17,22.34,78857700.0,22.17
966,2017-09-28,167.16,169.07,168.73,167.94,12084865.0,168.73
965,2018-01-04,184.0996,186.21,184.33,184.9,13554357.0,184.33
964,2015-05-06,77.05,78.81,78.1,77.97,28663026.0,78.1
963,2016-05-31,118.121,120.1,118.81,119.46,23547597.0,118.81
962,2017-01-05,118.3209,120.95,120.67,118.86,19492150.0,120.67
961,2012-09-04,17.55,18.27,17.729,18.08,46622400.0,17.729
960,2012-09-11,18.85,19.581,19.43,18.92,50508200.0,19.43
959,2013-07-05,24.2,24.66,24.37,24.65,20229500.0,24.37
958,2017-03-16,139.73,140.25,139.99,140.2,13612942.0,139.99
957,2015-02-17,75.08,76.91,75.6,75.3,25254400.0,75.6
956,2017-06-20,152.21,153.84,152.25,152.88,14557895.0,152.25
955,2014-05-06,58.49,61.15,58.53,60.98,55901000.0,58.53
954,2017-10-12,172.29,173.85,172.55,172.61,10312488.0,172.55
953,2013-12-20,54.23,55.15,55.12,54.93,239824000.0,55.12
952,2013-01-23,30.8,31.5,30.82,31.1,48899800.0,30.82
951,2013-03-05,27.21,28.18,27.52,27.88,40622200.0,27.52
950,2014-09-10,76.51,77.95,77.43,76.52,29864000.0,77.43
949,2017-06-27,150.39,153.31,150.58,152.84,19274022.0,150.58
948,2012-11-29,26.16,27.52,27.32,26.5,88759700.0,27.32
947,2013-02-04,28.01,29.2,28.109,29.06,92362200.0,28.109
946,2012-12-18,26.9,27.91,27.71,26.96,60512900.0,27.71
945,2017-10-25,168.89,172.25,170.6,171.9,15095603.0,170.6
944,2015-08-12,91.19,94.44,94.19,92.7,27120375.0,94.19
943,2015-02-05,75.21,75.98,75.615,75.71,15062573.0,75.615
942,2014-01-09,56.65,58.96,57.22,58.65,92253300.0,57.22
941,2015-10-09,92.239,93.74,93.24,92.9,20012911.0,93.24
940,2014-01-06,54.05,57.26,57.2,54.42,68852600.0,57.2
939,2016-02-22,105.34,108.25,107.16,105.49,35709714.0,107.16
938,2012-12-12,27.37,28.14,27.5801,28.0,46704200.0,27.5801
937,2014-09-29,77.91,79.199,79.0,78.12,34030635.0,79.0
936,2018-02-21,176.4,181.27,177.91,176.71,22844006.0,177.91
935,2018-03-19,170.06,177.17,172.56,177.01,86897749.0,172.56
934,2014-05-22,60.4,61.48,60.52,60.94,54200000.0,60.52
933,2018-02-23,179.51,183.39,183.29,179.9,18621950.0,183.29
932,2016-01-07,97.3,101.43,97.92,100.5,45172906.0,97.92
931,2012-09-05,18.18,18.75,18.58,18.27,60781800.0,18.58
930,2015-05-18,80.23,81.38,80.88,80.33,21613674.0,80.88
929,2016-02-08,97.46,102.68,99.75,100.41,71229746.0,99.75
928,2014-10-06,76.85,77.89,77.555,77.19,25729191.0,77.555
927,2018-04-23,165.09,168.45,165.84,167.27,23088102.0,165.84
926,2018-05-14,186.2,187.86,186.64,187.71,15646744.0,186.64
925,2017-06-28,149.86,153.47,153.24,150.92,16621566.0,153.24
924,2013-02-07,28.27,29.15,28.65,29.11,34540100.0,28.65
923,2016-03-18,110.27,112.42,111.45,111.56,36256877.0,111.45
922,2012-10-26,21.88,22.88,21.9425,22.4,73175800.0,21.9425
921,2017-11-24,180.29,183.15,182.78,180.4,9426010.0,182.78
920,2014-08-05,72.18,73.59,72.69,73.2,34820400.0,72.69
919,2015-10-27,102.4,104.1,103.7,102.94,23795472.0,103.7
918,2015-06-26,86.8283,88.34,88.01,88.12,38214647.0,88.01
917,2014-10-15,70.32,73.8,73.21,71.69,61528317.0,73.21
916,2014-11-07,75.02,75.855,75.6,75.39,20774381.0,75.6
915,2015-01-29,74.21,78.02,78.0,76.85,61293468.0,78.0
914,2015-01-13,75.85,78.08,76.45,77.23,25179561.0,76.45
913,2015-01-28,76.0,77.638,76.24,76.9,53306422.0,76.24
912,2014-01-21,56.5,58.58,58.51,56.6,48669200.0,58.51
911,2017-03-03,136.08,137.33,137.17,136.63,11160563.0,137.17
910,2014-11-13,73.64,75.24,74.25,74.74,26448451.0,74.25
909,2017-07-19,163.17,165.7,164.14,163.59,25915988.0,164.14
908,2015-03-02,78.52,79.855,79.75,79.0,21662537.0,79.75
907,2015-06-11,81.36,82.9,81.83,82.31,18656811.0,81.83
906,2015-04-07,82.22,83.42,82.32,82.65,17467042.0,82.32
905,2016-07-26,120.75,122.07,121.22,122.0,17611964.0,121.22
904,2013-08-22,38.34,38.75,38.55,38.37,21931200.0,38.55
903,2015-10-22,97.55,99.73,99.67,97.79,26392075.0,99.67
902,2017-06-06,152.48,154.52,152.81,153.41,13291727.0,152.81
901,2016-09-20,128.0307,129.17,128.64,128.65,11083808.0,128.64
900,2017-02-09,133.31,134.5,134.14,134.49,16470609.0,134.14
899,2017-08-09,169.56,171.45,171.18,169.98,10597084.0,171.18
898,2017-02-01,130.68,133.49,133.23,132.25,50139775.0,133.23
897,2013-12-31,53.91,54.86,54.649,54.12,43076200.0,54.649
896,2018-04-25,156.19,161.06,159.69,160.1448,41083581.0,159.69
895,2013-07-15,25.65,26.43,26.28,25.93,24234000.0,26.28
894,2014-02-25,69.45,71.0,69.85,70.95,52077000.0,69.85
893,2014-12-04,74.66,75.55,75.24,74.83,14390520.0,75.24
892,2015-11-09,105.86,108.25,106.49,107.0,26383540.0,106.49
891,2012-06-14,27.38,28.32,28.29,27.65,16855000.0,28.29
890,2013-04-11,27.25,28.1,28.0175,27.48,33368500.0,28.0175
889,2014-08-14,73.69,74.38,74.296,73.97,22182800.0,74.296
888,2014-06-11,64.9,65.8,65.781,65.32,44158300.0,65.781
887,2015-09-22,91.92,94.68,92.96,93.77,36888893.0,92.96
886,2013-04-10,26.9,27.84,27.57,27.0099,45949400.0,27.57
885,2016-07-21,120.25,122.1,120.61,121.92,17801663.0,120.61
884,2013-06-06,22.67,23.09,22.97,22.99,31260700.0,22.97
883,2016-05-13,119.68,120.64,119.81,120.38,18124286.0,119.81
882,2015-07-01,86.49,87.95,86.91,86.77,25260045.0,86.91
881,2014-01-08,57.23,58.41,58.23,57.6,56682400.0,58.23
880,2013-08-16,36.9,37.49,37.08,36.97,45840800.0,37.08
879,2015-06-29,85.73,87.5,85.8,86.61,35957872.0,85.8
878,2018-05-10,182.5,186.1292,185.53,183.15,21071403.0,185.53
877,2018-04-13,163.77,165.7036,164.52,164.58,19990561.0,164.52
876,2017-01-04,117.29,119.66,118.69,117.55,19630932.0,118.69
875,2017-12-20,177.36,179.81,177.89,179.81,11754823.0,177.89
874,2013-01-11,31.1,31.96,31.72,31.28,89598000.0,31.72
873,2017-04-28,149.07,151.53,150.25,149.5,30280373.0,150.25
872,2015-11-05,107.95,110.65,108.76,108.8,63232861.0,108.76
871,2015-03-04,78.85,81.15,80.895,79.3,28126686.0,80.895
870,2013-09-12,44.65,45.62,44.75,45.53,68072300.0,44.75
869,2018-01-23,185.55,189.55,189.35,186.05,24956444.0,189.35
868,2015-08-20,90.46,94.77,90.56,93.54,44598224.0,90.56
867,2016-01-22,95.49,98.07,97.94,96.41,30495387.0,97.94
866,2017-09-05,169.55,172.3875,170.72,171.27,13175866.0,170.72
865,2013-11-12,45.83,47.37,46.605,46.0,68196000.0,46.605
864,2015-03-18,79.17,81.24,80.91,79.25,36912446.0,80.91
863,2013-06-24,23.38,24.11,23.935,23.95,40626000.0,23.935
862,2013-08-26,40.62,41.94,41.34,40.9,94162400.0,41.34
861,2017-04-05,141.29,143.44,141.85,142.26,17158059.0,141.85
860,2013-07-30,35.32,37.96,37.627,35.65,173582800.0,37.627
859,2018-06-15,194.64,197.07,195.85,195.79,21860931.0,195.85
858,2012-07-16,28.21,30.5,28.245,30.5,24672100.0,28.245
857,2015-05-15,80.18,81.52,80.42,81.41,27069884.0,80.42
856,2018-05-11,184.18,188.32,186.99,184.85,21207848.0,186.99
855,2014-04-08,57.17,58.71,58.1901,57.68,78836000.0,58.1901
854,2018-01-29,185.6301,188.84,185.98,188.75,20022931.0,185.98
853,2017-01-26,131.4401,133.14,132.78,131.63,20020141.0,132.78
852,2018-01-19,180.1702,182.37,181.29,180.85,26266081.0,181.29
851,2013-05-08,26.65,27.3,27.12,26.88,34654900.0,27.12
850,2016-10-28,129.93,132.97,131.29,130.5,24545547.0,131.29
849,2013-01-02,27.42,28.18,28.0,27.44,69846400.0,28.0
848,2013-04-09,26.42,26.89,26.59,26.58,21311100.0,26.59
847,2014-07-16,67.07,67.94,67.66,67.54,29541600.0,67.66
846,2013-11-20,46.31,47.55,46.43,46.61,53933000.0,46.43
845,2016-01-21,92.62,95.99,94.16,94.91,30518939.0,94.16
844,2017-12-22,176.23,177.53,177.2,177.14,8462491.0,177.2
843,2016-04-21,112.31,114.04,113.44,112.55,20875230.0,113.44
842,2013-04-18,25.15,26.82,25.69,26.82,39059000.0,25.69
841,2013-07-09,25.03,25.49,25.48,25.07,30387900.0,25.48
840,2017-05-30,151.64,152.9,152.38,151.97,13145329.0,152.38
839,2012-12-20,27.13,27.6,27.36,27.49,35574800.0,27.36
838,2016-11-22,120.9,122.98,121.47,122.4,26089163.0,121.47
837,2017-09-14,170.5,172.28,170.96,172.26,15496424.0,170.96
836,2014-04-24,59.77,63.65,60.87,63.6,138769000.0,60.87
835,2015-08-24,72.0,87.14,82.09,77.03,83710727.0,82.09
834,2013-07-19,25.6,26.1077,25.881,25.82,46539700.0,25.881
833,2018-03-06,179.11,182.38,179.78,181.78,15086784.0,179.78
832,2012-09-18,21.37,21.98,21.87,21.6,36760500.0,21.87
831,2015-01-05,76.86,79.2455,77.19,77.98,26452191.0,77.19
830,2015-07-31,93.95,96.33,94.01,94.95,46509045.0,94.01
829,2015-09-10,89.63,92.06,91.98,90.07,26437398.0,91.98
828,2014-08-07,72.7,74.0,73.17,73.0,38093400.0,73.17
827,2016-07-15,116.58,118.28,116.86,117.74,16645964.0,116.86
826,2017-02-28,134.75,136.81,135.54,136.79,16112092.0,135.54
825,2014-04-03,59.13,63.17,59.49,62.55,83859000.0,59.49
824,2017-09-20,170.7,173.05,172.17,172.5,11899057.0,172.17
823,2015-08-21,85.61,89.18,86.06,87.52,62778680.0,86.06
822,2017-04-07,140.24,141.55,140.78,141.2,11811439.0,140.78
821,2015-03-13,77.68,79.38,78.05,78.6,18557296.0,78.05
820,2015-10-28,102.92,104.48,104.2,103.9,24081515.0,104.2
819,2017-07-14,159.33,160.32,159.97,160.13,16172560.0,159.97
818,2017-07-11,152.91,155.42,155.27,153.37,13208251.0,155.27
817,2016-09-26,126.8,128.16,127.31,127.37,15064940.0,127.31
816,2018-04-20,165.81,168.43,166.28,167.79,19119438.0,166.28
815,2015-04-27,81.63,82.93,81.91,81.87,25446032.0,81.91
814,2013-10-11,48.79,49.87,49.11,49.18,58428000.0,49.11
813,2016-06-21,113.97,115.2142,114.38,114.12,19166269.0,114.38
812,2016-12-01,114.0,118.45,115.1,118.38,43276994.0,115.1
811,2013-08-30,41.06,42.26,41.294,42.025,67735100.0,41.294
810,2014-10-21,77.15,78.74,78.69,77.56,32252403.0,78.69
809,2013-02-12,27.1,28.16,27.37,27.67,93498700.0,27.37
808,2016-03-11,107.92,109.42,109.41,108.48,20697553.0,109.41
807,2017-08-03,168.25,169.7,168.59,169.3,10316246.0,168.59
806,2012-06-08,26.44,27.76,27.1,26.55,38034000.0,27.1
805,2016-08-02,122.07,124.8,123.09,124.06,23968414.0,123.09
804,2016-12-12,117.65,119.24,117.77,119.22,17805527.0,117.77
803,2016-10-17,127.32,128.47,127.54,128.2,11351681.0,127.54
802,2018-03-23,159.02,167.1,159.39,165.44,52306891.0,159.39
801,2017-12-27,176.26,178.44,177.62,176.55,9296258.0,177.62
800,2017-08-08,170.62,173.05,171.23,171.88,13813683.0,171.23
799,2015-09-28,88.18,92.29,89.21,92.08,40914897.0,89.21
798,2017-06-14,149.05,152.4,150.25,151.26,20552981.0,150.25
797,2015-07-28,93.31,95.56,95.29,94.84,35235993.0,95.29
796,2017-02-10,133.68,134.94,134.19,134.1,15061939.0,134.19
795,2012-08-27,19.1,19.53,19.15,19.49,20704000.0,19.15
794,2012-10-05,20.88,21.63,20.91,21.49,40529300.0,20.91
793,2014-03-07,69.47,71.18,69.8,71.08,38927000.0,69.8
792,2017-02-07,131.66,133.0,131.84,132.24,14596449.0,131.84
791,2018-06-05,192.62,195.0,192.94,194.3,15544294.0,192.94
790,2013-07-03,24.15,24.71,24.52,24.22,10404400.0,24.52
789,2014-06-13,63.83,64.97,64.5,64.7,29383800.0,64.5
788,2016-08-15,123.7,124.92,123.9,124.91,19295130.0,123.9
787,2014-02-07,62.22,64.57,64.32,62.27,60704300.0,64.32
786,2015-02-18,75.45,76.9,76.71,75.94,22426421.0,76.71
785,2014-12-18,76.51,78.4,78.4,76.89,34222081.0,78.4
784,2016-06-22,113.61,114.74,113.91,114.65,14846329.0,113.91
783,2017-05-15,149.77,151.48,150.19,150.17,14909882.0,150.19
782,2015-05-27,79.43,80.66,80.55,79.6,14160865.0,80.55
781,2013-08-08,38.43,39.19,38.54,39.13,41301000.0,38.54
780,2018-01-26,186.81,190.0,190.0,187.75,16652197.0,190.0
779,2014-04-30,57.16,59.85,59.78,57.58,76093000.0,59.78
778,2016-09-30,127.45,128.59,128.27,128.03,18402945.0,128.27
777,2017-11-17,178.9,179.98,179.0,179.3,12722802.0,179.0
776,2013-08-01,36.92,38.29,37.489,37.3,106066500.0,37.489
775,2012-07-09,31.99,32.88,32.17,32.1,17785200.0,32.17
774,2014-10-09,75.85,77.7601,75.91,77.28,32487174.0,75.91
773,2013-01-30,30.88,31.49,31.24,30.98,87682100.0,31.24
772,2015-04-09,81.71,82.8,82.17,82.5,15927281.0,82.17
771,2015-11-30,103.75,106.0999,104.24,105.84,20383179.0,104.24
770,2012-07-20,28.72,29.47,28.76,29.0,11869100.0,28.76
769,2013-09-09,43.7,44.79,44.04,44.36,75794700.0,44.04
768,2017-10-10,170.8,173.2,171.59,173.0,11231234.0,171.59
767,2013-04-16,26.4,27.11,26.92,26.81,27365900.0,26.92
766,2018-05-04,173.06,176.98,176.61,173.08,17677844.0,176.61
765,2013-02-06,28.66,29.29,29.05,28.74,38375900.0,29.05
764,2012-05-29,28.65,31.69,28.84,31.48,78063400.0,28.84
763,2017-08-07,169.66,172.06,171.98,169.95,12504157.0,171.98
762,2017-08-14,169.29,171.08,170.75,170.09,12786286.0,170.75
761,2017-07-20,162.81,165.0,164.53,164.8,18293111.0,164.53
760,2016-04-14,110.26,112.04,110.84,110.62,28473322.0,110.84
759,2014-10-13,72.52,74.78,72.99,73.23,43937638.0,72.99
758,2016-05-24,116.12,117.73,117.7,116.24,20183627.0,117.7
757,2015-06-24,87.45,89.25,88.86,87.66,41370227.0,88.86
756,2016-12-20,118.8,119.77,119.09,119.5,13684402.0,119.09
755,2018-03-12,184.22,186.1,184.76,185.23,14873538.0,184.76
754,2014-01-13,55.38,58.25,55.91,57.91,63010900.0,55.91
753,2015-12-14,101.46,104.74,104.66,102.285,24813496.0,104.66
752,2014-08-27,74.46,75.49,74.63,75.27,36238700.0,74.63
751,2017-01-25,129.77,131.74,131.48,130.0,18777314.0,131.48
750,2016-06-10,116.26,118.11,116.62,117.54,18510826.0,116.62
749,2015-01-27,75.63,76.88,75.78,76.71,20109977.0,75.78
748,2013-07-08,24.42,25.04,24.71,24.47,27064600.0,24.71
747,2013-06-11,24.0,24.35,24.03,24.03,29885900.0,24.03
746,2012-08-09,20.61,21.17,21.01,20.75,15610700.0,21.01
745,2016-07-19,118.66,120.85,120.61,118.99,21541292.0,120.61
744,2014-08-25,74.79,75.28,75.02,74.94,19691100.0,75.02
743,2017-06-19,151.71,153.57,152.87,151.71,18678807.0,152.87
742,2013-05-30,23.93,24.779,24.55,24.13,60733200.0,24.55
741,2014-07-03,65.76,67.0,66.29,66.855,25203200.0,66.29
740,2016-08-30,125.15,126.6,125.84,126.6,17804286.0,125.84
739,2016-05-10,114.8,120.5,120.5,119.62,23220046.0,120.5
738,2014-07-23,69.61,71.33,71.29,69.74,77435900.0,71.29
737,2014-12-01,74.8,77.31,75.1,77.26,31789866.0,75.1
736,2017-09-13,172.06,173.17,173.05,173.01,8908633.0,173.05
735,2014-05-09,56.38,57.65,57.24,56.85,52584000.0,57.24
734,2012-07-18,28.15,29.29,29.11,28.31,16841800.0,29.11
733,2014-09-08,77.01,78.17,77.89,77.26,28149300.0,77.89
732,2015-06-12,81.2,82.09,81.53,81.37,11417882.0,81.53
731,2016-10-13,126.75,128.25,127.82,128.21,17139306.0,127.82
730,2015-10-05,92.66,94.27,94.01,92.94,27292517.0,94.01
729,2015-03-10,77.55,79.26,77.55,78.5,23067057.0,77.55
728,2015-06-04,81.51,82.95,82.05,82.14,20863877.0,82.05
727,2013-02-01,29.63,31.02,29.73,31.01,85856700.0,29.73
726,2018-05-07,177.17,179.5,177.97,177.35,18697195.0,177.97
725,2012-10-10,19.45,19.94,19.64,19.93,39321800.0,19.64
724,2015-07-27,93.8301,96.61,94.17,96.58,38585381.0,94.17
723,2015-07-07,85.231,87.85,87.22,87.8,33059921.0,87.22
722,2015-09-29,85.72,90.06,86.67,89.1,42281838.0,86.67
721,2013-02-13,27.31,28.32,27.9075,27.36,50164000.0,27.9075
720,2014-05-15,57.52,59.38,57.919,59.26,56814000.0,57.919
719,2017-06-15,146.37,150.04,149.8,147.67,18877305.0,149.8
718,2017-08-25,166.18,168.38,166.32,167.86,12391910.0,166.32
717,2012-10-17,19.3718,20.48,19.88,19.5,44074500.0,19.88
716,2013-01-15,29.88,31.71,30.1,30.64,173242600.0,30.1
715,2018-04-02,154.111,159.2,155.39,157.81,36795991.0,155.39
714,2018-01-02,177.55,181.58,181.42,177.68,17694891.0,181.42
713,2013-08-14,36.62,37.55,36.65,36.83,48423900.0,36.65
712,2015-06-09,79.32,81.19,80.67,80.6,16497538.0,80.67
711,2017-03-20,139.25,140.19,139.94,139.71,12099471.0,139.94
710,2015-01-08,76.08,78.23,78.175,76.74,23960953.0,78.175
709,2018-06-20,198.805,203.55,202.0,199.1,28230933.0,202.0
708,2015-09-09,90.17,91.98,90.44,90.78,32551123.0,90.44
707,2017-05-12,149.63,150.46,150.33,150.4,9497040.0,150.33
706,2017-06-16,148.6,150.83,150.64,149.59,22169800.0,150.64
705,2016-04-15,109.2,110.97,109.64,110.79,20922803.0,109.64
704,2016-03-16,110.1,112.5,112.18,110.49,24744778.0,112.18
703,2015-10-01,88.36,90.95,90.95,90.05,29283652.0,90.95
702,2018-01-25,186.6,188.62,187.48,187.95,16698537.0,187.48
701,2017-10-30,177.61,180.69,179.87,179.26,24179258.0,179.87
700,2017-01-11,124.06,126.12,126.09,124.35,18356523.0,126.09
699,2016-09-14,126.89,128.8,127.77,126.89,15720388.0,127.77
698,2017-08-29,165.0,168.43,168.05,165.25,10992617.0,168.05
697,2014-06-19,64.21,65.5756,64.3415,65.46,34133800.0,64.3415
696,2014-05-14,58.95,60.45,59.23,59.53,47429000.0,59.23
695,2017-09-21,170.01,172.27,171.11,171.69,11054545.0,171.11
694,2017-07-25,163.86,165.54,165.28,165.01,15164613.0,165.28
693,2012-08-28,18.95,19.38,19.34,19.1,25417000.0,19.34
692,2015-06-25,87.835,89.4,87.98,89.26,27301967.0,87.98
691,2017-08-24,166.41,169.29,167.74,168.88,13552865.0,167.74
690,2015-12-15,104.28,105.8,104.55,105.3,21764331.0,104.55
689,2015-11-11,107.11,109.87,109.01,108.27,25057099.0,109.01
688,2017-10-13,173.2,174.65,173.74,173.45,13305724.0,173.74
687,2017-08-28,166.33,167.7,167.24,166.91,8360380.0,167.24
686,2014-09-25,77.13,78.94,77.22,78.6,37354970.0,77.22
685,2013-11-14,48.03,49.57,48.99,48.7,75117000.0,48.99
684,2017-12-29,176.46,178.85,176.46,178.0,10028758.0,176.46
683,2013-01-08,28.86,29.6,29.0607,29.51,45871300.0,29.0607
682,2014-09-04,75.53,76.93,75.95,75.89,26625500.0,75.95
681,2016-10-14,127.58,128.95,127.88,128.49,13345292.0,127.88
680,2015-09-11,91.13,92.08,92.05,91.68,21185049.0,92.05
679,2015-10-08,90.47,93.22,92.47,91.89,27290523.0,92.47
678,2017-11-15,176.4,178.57,177.95,176.66,10131051.0,177.95
677,2013-02-05,28.04,28.96,28.64,28.26,47948200.0,28.64
676,2012-08-03,19.9,22.16,21.09,20.36,80647000.0,21.09
675,2017-05-31,151.09,153.35,151.46,152.7,17709427.0,151.46
674,2014-07-11,64.79,66.59,66.34,65.28,39167800.0,66.34
673,2017-03-24,139.76,141.02,140.34,140.08,16664683.0,140.34
672,2015-07-20,95.36,98.6,97.91,95.85,54860541.0,97.91
671,2012-08-01,20.84,21.58,20.88,21.5,44604400.0,20.88
670,2014-11-04,73.65,75.77,75.76,74.23,39326471.0,75.76
669,2012-12-13,27.43,28.75,28.24,27.59,81051600.0,28.24
668,2018-03-01,174.41,180.12,175.94,179.01,23201626.0,175.94
667,2014-12-29,79.71,80.96,80.02,80.49,14134666.0,80.02
666,2012-12-17,26.32,27.0,26.75,26.77,57742500.0,26.75
665,2014-03-11,69.96,72.59,70.1,72.5,59408300.0,70.1
664,2016-07-20,120.56,122.2,121.92,121.25,20046452.0,121.92
663,2018-02-12,171.84,177.545,176.41,177.06,31697374.0,176.41
662,2017-03-22,137.6,139.79,139.59,137.93,17055449.0,139.59
661,2015-05-21,80.08,80.92,80.48,80.19,13402749.0,80.48
660,2014-01-17,56.07,57.82,56.3,57.3,40849200.0,56.3
659,2013-01-31,28.74,31.47,30.981,29.15,190744900.0,30.981
658,2015-05-28,80.0,81.0745,80.145,80.25,11982008.0,80.145
657,2018-01-09,187.1,188.8,187.87,188.7,12342722.0,187.87
656,2017-10-05,168.6,171.31,171.24,169.18,14013869.0,171.24
655,2012-10-23,19.1,19.8,19.5,19.25,78381200.0,19.5
654,2014-09-22,75.95,77.53,76.8,77.0,31917700.0,76.8
653,2018-06-04,191.47,193.98,193.28,191.84,18939795.0,193.28
652,2012-06-13,27.1,28.1,27.27,27.66,17102800.0,27.27
651,2016-10-26,130.935,132.26,131.04,131.64,13084731.0,131.04
650,2018-02-27,181.46,184.7,181.46,184.45,15649326.0,181.46
649,2015-10-02,88.37,92.2,92.07,88.9,37881652.0,92.07
648,2013-02-08,28.51,29.17,28.545,28.89,37708800.0,28.545
647,2015-09-15,91.79,93.25,92.9,92.37,18859351.0,92.9
646,2017-12-06,171.9,176.77,176.06,172.5,20059293.0,176.06
645,2018-06-07,186.77,190.97,188.18,190.75,21503171.0,188.18
644,2018-01-12,177.4,181.48,179.37,178.06,76645626.0,179.37
643,2012-06-20,31.15,31.9288,31.6,31.92,15553600.0,31.6
642,2017-09-11,172.2,173.89,173.51,172.4,12208441.0,173.51
641,2013-03-22,25.63,26.01,25.73,25.796,18456300.0,25.73
640,2017-12-21,177.05,178.68,177.45,177.94,11050969.0,177.45
639,2014-08-06,71.79,73.72,72.47,72.02,30940200.0,72.47
638,2014-12-16,74.59,77.39,74.69,76.19,31554593.0,74.69
637,2012-12-19,26.95,28.22,27.41,27.83,61390300.0,27.41
636,2015-12-04,104.11,107.73,106.18,104.81,21224721.0,106.18
635,2015-11-24,104.39,106.49,105.74,106.0,23577293.0,105.74
634,2012-08-23,19.36,19.73,19.44,19.5,32813700.0,19.44
633,2014-06-27,66.84,67.7,67.6,67.31,46444300.0,67.6
632,2017-06-22,152.91,154.55,153.4,153.01,12783958.0,153.4
631,2012-08-31,18.03,18.7,18.058,18.68,58764200.0,18.058
630,2016-01-15,93.54,96.38,94.97,93.98,46132781.0,94.97
629,2017-06-26,153.2,156.5,153.59,156.25,17934289.0,153.59
628,2013-11-01,49.72,52.09,49.75,50.85,95033000.0,49.75
627,2013-06-28,24.42,24.98,24.88,24.68,96778900.0,24.88
626,2014-10-08,75.1,77.71,77.52,76.18,32975514.0,77.52
625,2016-01-26,95.66,97.88,97.34,97.76,26877080.0,97.34
624,2015-12-18,103.97,106.59,104.04,106.08,35994199.0,104.04
623,2013-01-04,27.83,28.93,28.76,28.01,72715400.0,28.76
622,2015-11-27,104.86,105.96,105.45,105.78,5913066.0,105.45
621,2015-11-17,104.14,106.2,105.13,104.62,26774146.0,105.13
620,2018-01-05,184.93,186.9,186.85,185.59,13042388.0,186.85
619,2013-11-05,47.51,50.18,50.105,47.79,76835000.0,50.105
618,2013-03-19,26.21,26.9,26.55,26.53,25254200.0,26.55
617,2016-11-11,118.15,120.7,119.02,119.53,32840137.0,119.02
616,2012-09-27,20.16,21.0,20.32,20.99,30215900.0,20.32
615,2016-08-09,124.53,126.09,125.06,125.34,19620967.0,125.06
614,2017-03-10,138.22,139.49,138.79,138.91,16314113.0,138.79
613,2017-05-17,144.42,148.67,144.85,148.0,27908167.0,144.85
612,2012-09-20,22.54,23.24,22.59,23.02,57248900.0,22.59
611,2014-04-22,62.22,63.44,63.0301,62.65,60631000.0,63.0301
610,2014-10-01,75.9,78.82,76.55,78.78,55090157.0,76.55
609,2016-11-23,119.94,121.31,120.84,121.23,15672136.0,120.84
608,2014-09-03,75.6,77.48,75.83,77.14,32330200.0,75.83
607,2015-04-10,81.91,82.61,82.04,82.21,12529738.0,82.04
606,2016-06-06,118.36,119.43,118.79,118.62,12744676.0,118.79
605,2018-02-15,176.84,180.5,179.96,180.5,20554092.0,179.96
604,2015-07-06,86.39,88.1846,87.55,86.49,24635915.0,87.55
603,2015-07-02,86.3401,87.44,87.285,87.4,16908781.0,87.285
602,2012-11-16,22.18,23.93,23.5607,22.25,107182200.0,23.5607
601,2016-08-05,124.6184,125.835,125.15,124.98,20184035.0,125.15
600,2017-03-31,141.89,142.63,142.05,142.31,11478265.0,142.05
599,2015-10-21,96.47,98.18,97.11,97.37,22003730.0,97.11
598,2013-05-31,24.27,24.95,24.348,24.63,35925000.0,24.348
597,2017-09-25,161.56,169.3,162.87,169.24,40538994.0,162.87
596,2016-09-08,129.81,131.08,130.27,130.92,15676595.0,130.27
595,2014-10-28,79.57,81.16,80.77,80.18,74211768.0,80.77
594,2016-04-01,113.35,116.17,116.06,113.75,24760504.0,116.06
593,2018-04-18,165.77,168.12,166.36,166.88,20969568.0,166.36
592,2014-04-21,59.15,61.24,61.24,59.46,60364000.0,61.24
591,2017-11-29,174.0,181.97,175.13,181.89,41843917.0,175.13
590,2016-04-18,109.2,110.81,110.45,109.74,21167199.0,110.45
589,2017-10-16,174.06,175.0,174.52,174.49,11225293.0,174.52
588,2013-01-07,28.65,29.79,29.4213,28.69,83781800.0,29.4213
587,2013-03-14,26.83,27.43,27.04,27.1,27646400.0,27.04
586,2015-08-11,92.9006,94.76,93.62,93.73,22491031.0,93.62
585,2013-09-23,46.29,47.55,47.19,47.28,75177000.0,47.19
584,2017-04-27,146.14,147.75,147.7,146.67,10561420.0,147.7
583,2014-01-23,55.6855,56.68,56.63,56.37,47951800.0,56.63
582,2018-05-09,178.7807,183.01,182.66,179.67,23282811.0,182.66
581,2013-03-18,25.78,26.79,26.49,26.37,26653700.0,26.49
580,2015-12-09,103.55,106.44,104.6,106.18,23517268.0,104.6
579,2015-07-09,85.6499,87.6,85.88,86.73,23307402.0,85.88
578,2012-10-25,22.47,23.31,22.56,23.29,76142000.0,22.56
577,2016-09-06,126.47,129.94,129.73,126.67,26278407.0,129.73
576,2014-12-09,74.78,76.93,76.84,75.2,25358584.0,76.84
575,2014-11-14,74.04,74.93,74.88,74.27,19476878.0,74.88
574,2017-04-18,140.61,141.91,140.96,141.27,14807472.0,140.96
573,2015-04-14,82.44,83.69,83.515,83.17,19634173.0,83.515
572,2015-06-17,81.34,82.22,81.79,81.76,18350287.0,81.79
571,2013-06-21,24.05,24.7,24.53,24.59,45833900.0,24.53
570,2016-06-09,117.71,118.68,118.56,118.13,13859240.0,118.56
569,2016-08-04,122.51,124.79,124.36,122.94,21065974.0,124.36
568,2014-05-02,60.18,61.89,60.46,61.3,54189000.0,60.46
567,2016-03-30,114.355,116.99,114.7,116.73,33235184.0,114.7
566,2015-01-26,77.29,78.47,77.495,77.98,19260820.0,77.495
565,2013-07-31,36.33,38.31,36.8,37.96,154828700.0,36.8
564,2014-06-04,62.07,63.59,63.34,62.45,36514000.0,63.34
563,2018-04-04,150.51,155.56,155.1,152.025,49885584.0,155.1
562,2018-04-12,163.1,167.45,163.87,166.98,38262956.0,163.87
561,2012-11-28,25.75,26.49,26.36,25.94,49205600.0,26.36
560,2012-06-18,29.41,32.08,31.41,29.955,42978900.0,31.41
559,2017-07-31,168.55,172.72,169.25,172.0,25157896.0,169.25
558,2016-05-02,116.57,118.73,118.57,117.83,28095168.0,118.57
557,2015-08-04,93.33,94.73,94.06,93.79,20136036.0,94.06
556,2014-05-01,60.21,62.28,61.15,60.43,82429000.0,61.15
555,2012-09-19,21.77,23.37,23.29,21.99,78782800.0,23.29
554,2012-11-13,19.56,20.11,19.86,19.605,71775100.0,19.86
553,2014-07-24,74.51,76.74,74.98,75.96,124006900.0,74.98
552,2012-12-28,25.15,26.11,25.9112,25.48,56574800.0,25.9112
551,2013-04-15,26.36,27.48,26.52,27.16,30275400.0,26.52
550,2017-04-17,139.75,141.55,141.42,139.76,11519663.0,141.42
549,2013-09-20,45.74,47.6,47.49,46.32,115508400.0,47.49
548,2018-03-02,172.99,177.11,176.62,173.29,20025905.0,176.62
547,2014-06-12,64.06,66.47,64.2901,65.85,55642800.0,64.2901
546,2013-04-19,25.33,25.96,25.73,25.62,20380900.0,25.73
545,2016-10-31,130.8835,132.12,130.99,132.01,15668982.0,130.99
544,2013-04-30,27.005,27.85,27.769,27.13,36245700.0,27.769
543,2014-09-30,78.6,79.7067,79.04,79.35,35899444.0,79.04
542,2014-10-30,72.9,75.35,74.11,75.05,83269554.0,74.11
541,2016-02-16,100.24,103.93,101.61,103.8,45687224.0,101.61
540,2015-12-10,104.41,106.4,105.42,105.05,17454312.0,105.42
539,2016-09-13,126.66,128.35,127.21,128.03,18016152.0,127.21
538,2013-06-27,24.21,24.84,24.66,24.24,34694100.0,24.66
537,2015-05-12,76.79,77.89,77.46,77.87,21285310.0,77.46
536,2018-07-05,194.03,198.65,198.45,194.74,19684193.0,198.45
535,2015-08-14,93.21,94.72,94.42,93.54,15929656.0,94.42
534,2014-11-21,73.5,74.5,73.75,74.5,23060382.0,73.75
533,2015-02-11,75.03,76.75,76.51,75.09,20877427.0,76.51
532,2014-05-08,56.5,58.82,56.76,57.23,61251000.0,56.76
531,2015-04-24,81.48,82.94,81.53,82.77,29660356.0,81.53
530,2016-02-29,106.75,108.9101,106.92,107.6,32778992.0,106.92
529,2014-01-30,60.46,62.5,61.08,62.12,150178900.0,61.08
528,2013-12-04,46.26,48.77,48.62,46.46,60890000.0,48.62
527,2015-03-12,77.91,79.05,78.93,78.1,16093319.0,78.93
526,2014-07-14,66.9,68.17,67.9,67.13,38468000.0,67.9
525,2018-05-17,182.22,184.06,183.76,182.68,14840675.0,183.76
524,2013-06-19,24.1,25.19,24.309,24.2,31790600.0,24.309
523,2016-02-26,107.16,109.45,107.92,108.7,26686193.0,107.92
522,2015-02-06,74.25,75.7,74.47,75.68,21210994.0,74.47
521,2014-02-10,63.473,64.49,63.548,64.3,43666100.0,63.548
520,2015-10-16,95.35,97.59,97.54,96.18,25412856.0,97.54
519,2017-01-30,129.6,131.58,130.98,131.58,18956095.0,130.98
518,2015-07-24,95.88,97.76,96.95,97.35,33444930.0,96.95
517,2017-10-02,168.75,171.87,169.47,171.39,13104304.0,169.47
516,2013-01-16,29.53,30.35,29.85,30.21,75332700.0,29.85
515,2013-05-20,25.69,26.19,25.759,26.18,42402900.0,25.759
514,2018-01-08,186.33,188.9,188.28,187.2,14719216.0,188.28
513,2017-01-24,128.38,129.9,129.37,129.38,15162724.0,129.37
512,2012-11-05,20.92,21.48,21.25,21.1,31806700.0,21.25
511,2017-09-26,162.78,165.5,164.21,164.5,22866403.0,164.21
510,2018-06-26,196.23,199.1,199.0,197.6,17897576.0,199.0
509,2014-06-16,63.75,64.88,64.19,64.16,30856800.0,64.19
508,2012-07-13,30.56,31.07,30.72,31.04,8108300.0,30.72
507,2017-05-16,149.03,150.21,149.78,150.11,14420715.0,149.78
506,2012-08-30,19.06,19.45,19.0885,19.27,30647500.0,19.0885
505,2015-02-23,78.38,80.19,78.84,79.96,24139056.0,78.84
504,2015-10-23,100.16,102.85,102.19,101.91,42809661.0,102.19
503,2014-09-11,77.05,78.36,77.92,77.13,32219000.0,77.92
502,2015-09-30,88.01,90.02,89.9,88.44,35159225.0,89.9
501,2014-12-11,76.48,78.52,77.73,76.52,33492661.0,77.73
500,2014-07-25,74.662,75.67,75.19,74.99,45823100.0,75.19
499,2015-06-01,78.66,80.38,80.29,79.3,18119012.0,80.29
498,2012-11-08,19.98,20.73,19.99,20.52,34254600.0,19.99
497,2013-03-25,25.078,25.8,25.131,25.75,39199000.0,25.131
496,2017-01-31,129.5157,130.66,130.32,130.17,19790484.0,130.32
495,2014-03-03,66.51,68.05,67.41,66.96,56824100.0,67.41
494,2017-06-07,152.34,153.75,153.12,153.27,11822136.0,153.12
493,2018-02-20,175.11,177.95,176.01,175.77,20887317.0,176.01
492,2018-02-02,189.98,194.21,190.28,192.04,25514560.0,190.28
491,2013-10-23,51.13,52.25,51.9,51.75,57207000.0,51.9
490,2012-07-31,21.61,23.37,21.71,23.37,56179400.0,21.71
489,2014-07-21,68.5,69.96,69.4,68.81,49431600.0,69.4
488,2015-08-03,92.8,95.08,94.14,93.53,29343117.0,94.14
487,2017-03-13,138.67,139.68,139.6,138.71,10955450.0,139.6
486,2017-11-13,177.3,179.04,178.77,177.5,9431449.0,178.77
485,2017-03-02,136.31,137.82,136.76,137.09,12294804.0,136.76
484,2013-08-29,40.8,41.78,41.28,40.89,58303400.0,41.28
483,2013-07-24,26.05,26.53,26.51,26.32,82635600.0,26.51
482,2017-03-28,140.01,141.95,141.76,140.36,14679436.0,141.76
481,2012-06-21,31.51,32.5,31.84,31.67,21875300.0,31.84
480,2018-04-27,172.6,177.1,173.59,176.81,29804657.0,173.59
479,2016-04-20,111.56,113.27,112.42,112.43,21027901.0,112.42
478,2015-05-04,78.6301,79.69,78.81,79.33,14691991.0,78.81
477,2018-07-18,208.44,210.99,209.36,209.82,15334907.0,209.36
476,2016-01-19,93.92,97.42,95.26,96.53,30998256.0,95.26
475,2017-05-25,149.95,152.59,151.96,150.3,19780399.0,151.96
474,2016-08-22,123.11,124.83,124.15,123.33,14386361.0,124.15
473,2012-12-26,26.375,27.18,26.51,27.03,33175400.0,26.51
472,2014-06-24,65.27,67.17,65.72,65.36,57284100.0,65.72
471,2017-07-21,163.75,165.05,164.43,164.16,14494667.0,164.43
470,2013-04-02,25.3,26.12,25.42,25.77,35153300.0,25.42
469,2015-07-10,86.77,88.22,87.95,87.35,23245873.0,87.95
468,2013-04-17,26.39,27.2,26.625,26.65,26440600.0,26.625
467,2017-07-07,149.19,151.99,151.44,149.25,13229352.0,151.44
466,2012-07-24,28.1,29.45,28.45,28.82,11539800.0,28.45
465,2018-07-16,206.84,208.72,207.23,207.5,11078209.0,207.23
464,2014-07-28,73.85,75.5,74.92,75.17,41640000.0,74.92
463,2013-08-02,37.5,38.49,38.05,37.66,73058500.0,38.05
462,2013-04-22,25.7,26.36,25.97,25.81,25687600.0,25.97
461,2018-01-22,180.41,185.39,185.37,180.8,20567285.0,185.37
460,2014-07-31,72.44,74.165,72.65,74.0,43909200.0,72.65
459,2012-06-29,30.76,31.99,31.095,31.92,19526900.0,31.095
458,2015-09-18,93.05,95.19,94.4,93.2,62299984.0,94.4
457,2016-03-04,107.93,110.05,108.39,110.05,24938858.0,108.39
456,2012-09-13,20.61,21.48,20.713,20.955,65041600.0,20.713
455,2017-11-03,176.71,179.86,178.92,179.29,17572587.0,178.92
454,2015-10-14,93.61,95.2,94.07,94.08,19253351.0,94.07
453,2014-11-19,73.11,74.54,73.33,74.01,25441163.0,73.33
452,2013-08-28,39.88,40.85,40.548,39.96,57918200.0,40.548
451,2016-03-01,107.6,109.82,109.82,107.83,26817309.0,109.82
450,2015-11-16,100.47,104.17,104.04,103.32,49309167.0,104.04
449,2016-06-15,114.07,115.44,114.6,115.3,19819432.0,114.6
448,2017-09-07,170.27,173.31,173.21,171.94,17922494.0,173.21
447,2015-12-01,104.5,107.15,107.12,104.83,22781868.0,107.12
446,2014-10-22,78.01,79.85,78.37,78.815,41862393.0,78.37
445,2015-01-22,76.68,77.75,77.65,77.17,19519458.0,77.65
444,2016-10-12,128.46,129.66,129.05,129.01,11072991.0,129.05
443,2018-04-16,163.39,165.78,164.83,165.7249,18119435.0,164.83
442,2012-11-21,23.05,24.53,24.32,23.22,89862400.0,24.32
441,2014-08-08,72.56,73.43,73.06,73.4,27155700.0,73.06
440,2013-11-29,46.5,47.21,47.01,46.75,22953900.0,47.01
439,2013-05-15,26.4,26.99,26.6,26.92,30299800.0,26.6
438,2013-11-18,45.8,48.84,45.83,48.47,85910000.0,45.83
437,2016-06-28,110.55,112.75,112.7,110.63,26813842.0,112.7
436,2014-02-27,68.87,70.01,68.94,69.34,41653700.0,68.94
435,2016-08-16,122.78,123.92,123.3,123.5,14222410.0,123.3
434,2014-02-20,65.727,70.11,69.63,67.73,130928900.0,69.63
433,2017-07-05,148.13,150.85,150.34,149.0,14037692.0,150.34
432,2012-08-22,18.96,19.53,19.439,19.36,49892200.0,19.439
431,2012-06-25,31.55,33.02,32.06,32.86,24352900.0,32.06
430,2016-04-27,106.31,108.94,108.89,107.94,52213107.0,108.89
429,2013-10-25,51.88,53.24,51.95,53.18,45085000.0,51.95
428,2015-05-22,80.25,81.31,80.54,80.35,19567937.0,80.54
427,2015-08-18,94.04,95.85,95.17,94.08,22278848.0,95.17
426,2018-05-18,182.61,184.19,182.68,183.49,13130451.0,182.68
425,2014-09-24,77.51,78.62,78.535,78.1,30596541.0,78.535
424,2016-06-27,108.23,111.57,108.97,111.57,36409606.0,108.97
423,2016-08-12,124.18,125.0,124.88,124.7,12158955.0,124.88
422,2016-11-18,116.84,119.13,117.02,118.39,22879303.0,117.02
421,2014-11-18,73.9,74.8,74.34,74.45,20696643.0,74.34
420,2017-03-09,137.4,138.57,138.24,137.72,15535259.0,138.24
419,2012-08-06,21.3,22.15,21.92,21.39,27778900.0,21.92
418,2018-06-06,189.11,192.53,191.34,191.0252,22558920.0,191.34
417,2018-07-06,197.7,203.64,203.23,198.45,19740131.0,203.23
416,2014-01-16,56.83,58.02,57.19,57.26,34541800.0,57.19
415,2016-06-14,113.58,114.95,114.94,114.07,17618479.0,114.94
414,2017-04-04,141.27,142.09,141.73,141.86,12948599.0,141.73
413,2015-06-05,81.51,82.46,82.14,81.87,16143093.0,82.14
412,2017-08-21,165.82,168.0,167.78,167.16,11880823.0,167.78
411,2012-07-26,26.73,28.23,26.845,27.75,64597400.0,26.845
410,2015-12-28,104.53,105.98,105.93,105.02,13069733.0,105.93
409,2015-10-30,101.65,104.72,101.97,104.51,33487104.0,101.97
408,2014-02-13,64.05,67.33,67.33,64.18,61911700.0,67.33
407,2017-05-19,147.96,149.39,148.06,148.45,16101229.0,148.06
406,2012-10-18,18.89,19.79,18.975,19.7,52157400.0,18.975
405,2012-11-20,22.7,23.9,23.1,22.73,46655300.0,23.1
404,2018-07-10,202.26,204.91,203.54,204.5,13190067.0,203.54
403,2016-03-09,105.49,107.51,107.51,106.7,20493305.0,107.51
402,2013-03-28,25.52,26.17,25.58,26.09,28585700.0,25.58
401,2017-04-24,144.34,145.67,145.47,144.96,14397448.0,145.47
400,2016-10-25,132.22,133.5,132.29,133.5,13336787.0,132.29
399,2016-07-11,117.5,118.7,117.87,117.71,17711570.0,117.87
398,2015-08-13,93.35,94.73,93.43,94.05,17451768.0,93.43
397,2013-12-05,47.87,48.7,48.34,48.15,43855000.0,48.34
396,2016-04-22,109.01,111.75,110.56,111.21,38458201.0,110.56
395,2018-04-03,150.81,157.39,156.11,156.55,42543865.0,156.11
394,2017-02-16,133.02,133.87,133.84,133.07,12831092.0,133.84
393,2016-08-18,123.64,124.26,123.91,124.01,12400816.0,123.91
392,2013-09-16,42.43,44.94,42.51,44.85,70424200.0,42.51
391,2018-04-30,171.71,175.72,172.0,173.79,20750478.0,172.0
390,2012-10-01,21.73,22.59,21.99,22.08,51262700.0,21.99
389,2014-03-27,57.98,61.9,60.97,60.51,112650000.0,60.97
388,2012-08-20,18.75,20.13,20.011,19.05,101186600.0,20.011
387,2014-01-02,54.19,55.22,54.71,54.83,43195500.0,54.71
386,2016-03-02,108.77,110.55,109.95,109.68,25670170.0,109.95
385,2017-05-09,150.21,152.59,150.48,151.49,17325999.0,150.48
384,2013-05-14,26.82,27.28,27.07,26.8854,24930300.0,27.07
383,2016-02-19,102.06,105.02,104.57,102.55,32404516.0,104.57
382,2016-11-09,120.51,123.81,123.18,121.5,31916020.0,123.18
381,2013-10-16,49.9,51.24,51.135,50.04,64678000.0,51.135
380,2016-07-25,117.78,121.85,121.63,121.39,18487449.0,121.63
379,2015-01-16,73.84,75.32,75.18,74.04,21791529.0,75.18
378,2015-07-22,95.92,97.58,97.04,96.74,28299518.0,97.04
377,2013-06-05,22.79,23.705,22.899,23.35,53819700.0,22.899
376,2017-08-22,167.15,169.87,169.64,168.28,11333260.0,169.64
375,2013-10-01,49.45,51.03,50.42,49.97,98114000.0,50.42
374,2015-08-25,83.0,87.67,83.0,86.95,52021230.0,83.0
373,2013-10-29,49.25,50.79,49.395,50.73,102143000.0,49.395
372,2016-07-12,117.57,118.72,117.93,118.63,15217700.0,117.93
371,2016-03-29,113.64,116.32,116.14,113.83,29825340.0,116.14
370,2016-11-30,117.95,121.79,118.42,120.32,30188922.0,118.42
369,2016-05-04,116.57,118.3,118.06,116.61,23448440.0,118.06
368,2016-04-06,112.42,113.81,113.71,112.47,20814640.0,113.71
367,2012-11-19,22.82,24.12,22.92,23.955,85021300.0,22.92
366,2014-11-10,74.61,75.4799,75.0,75.36,21575126.0,75.0
365,2016-12-14,118.85,121.69,120.21,120.0,25913095.0,120.21
364,2014-04-15,55.88,59.68,59.09,59.29,108623000.0,59.09
363,2014-12-12,77.02,78.88,77.83,77.16,28091617.0,77.83
362,2018-07-03,192.52,195.4,192.73,194.55,13489514.0,192.73
361,2013-03-01,26.81,28.1164,27.78,27.05,54064800.0,27.78
360,2015-04-02,81.44,82.56,81.555,82.25,19664053.0,81.555
359,2018-06-27,195.8,200.75,195.84,199.18,18734408.0,195.84
358,2018-07-19,207.76,209.99,208.09,208.77,11350429.0,208.09
357,2015-10-29,103.52,105.12,104.88,103.96,20316691.0,104.88
356,2017-01-12,124.8,126.73,126.62,125.61,18653914.0,126.62
355,2017-07-12,156.2,159.16,158.9,156.49,22483868.0,158.9
354,2015-02-10,74.5,75.34,75.19,74.85,15811344.0,75.19
353,2018-05-30,185.25,188.0,187.67,186.54,13736866.0,187.67
352,2013-07-16,26.01,26.75,26.32,26.39,30817600.0,26.32
351,2015-09-04,86.7,88.39,88.26,87.2,27328667.0,88.26
350,2016-10-19,128.6,130.47,130.11,128.74,16752321.0,130.11
349,2014-02-26,68.85,71.22,69.26,70.19,55322700.0,69.26
348,2014-07-09,63.15,65.12,64.97,63.41,51378000.0,64.97
347,2015-09-16,92.63,93.6,93.45,92.9,16321193.0,93.45
346,2018-03-16,183.41,185.33,185.09,184.49,23090480.0,185.09
345,2014-09-17,75.57,77.25,76.43,75.96,28647200.0,76.43
344,2015-03-05,81.05,81.99,81.21,81.23,27825733.0,81.21
343,2016-08-08,124.55,125.45,125.26,125.25,15233929.0,125.26
342,2015-12-03,103.35,106.85,104.38,106.27,23236485.0,104.38
341,2012-12-27,25.52,26.8,26.05,26.55,43481700.0,26.05
340,2016-07-27,121.51,125.0,123.34,122.42,52654239.0,123.34
339,2018-07-24,212.6,216.2,214.67,215.11,28468681.0,214.67
338,2017-09-15,170.26,172.34,171.64,170.88,15468473.0,171.64
337,2017-05-22,147.69,148.59,148.24,148.08,12379481.0,148.24
336,2016-12-06,116.33,117.795,117.31,117.69,19131202.0,117.31
335,2013-07-02,24.3,24.77,24.41,24.7,18394100.0,24.41
334,2013-05-17,26.2,26.6,26.25,26.4,29462700.0,26.25
333,2018-06-22,199.31,202.24,201.74,201.16,17420188.0,201.74
332,2014-02-12,64.05,65.06,64.45,64.92,47282100.0,64.45
331,2014-11-20,72.51,73.99,73.6,72.8,19154862.0,73.6
330,2015-06-22,83.31,84.97,84.74,83.41,29383079.0,84.74
329,2014-11-03,73.7,75.52,73.88,75.47,40727330.0,73.88
328,2016-12-05,115.07,117.57,117.43,115.95,20201528.0,117.43
327,2015-11-03,102.4,103.65,102.58,103.22,21242341.0,102.58
326,2016-03-03,108.54,110.3,109.58,110.25,21353092.0,109.58
325,2013-12-16,52.91,54.5,53.81,53.25,85119000.0,53.81
324,2016-01-04,99.75,102.24,102.22,101.95,37912403.0,102.22
323,2014-01-24,54.4,56.42,54.45,56.15,55200700.0,54.45
322,2017-12-14,177.68,180.3601,178.39,178.29,13393757.0,178.39
321,2015-01-21,75.85,77.3,76.74,76.16,25096737.0,76.74
320,2015-02-19,76.95,79.84,79.42,76.986,45851177.0,79.42
319,2012-06-05,25.75,27.76,25.869,26.7,42473400.0,25.869
318,2014-02-18,66.07,67.5397,67.3,66.94,43809900.0,67.3
317,2012-12-11,27.66,28.24,27.98,28.07,77099100.0,27.98
316,2016-11-10,115.27,124.18,120.8,123.93,67846704.0,120.8
315,2015-03-26,82.14,83.77,83.01,82.72,32794800.0,83.01
314,2014-06-03,62.32,63.42,62.87,62.62,32217000.0,62.87
313,2014-10-27,79.76,80.8,80.28,80.74,30168921.0,80.28
312,2017-05-11,149.41,150.65,150.04,150.31,11623865.0,150.04
311,2013-07-10,25.47,25.83,25.8,25.58,26721800.0,25.8
310,2018-03-29,154.14,161.42,159.79,155.15,59434293.0,159.79
309,2016-06-02,118.22,119.44,118.93,118.69,13228310.0,118.93
308,2014-09-05,75.598,77.38,77.26,76.1,29407300.0,77.26
307,2017-12-19,178.22,180.08,179.51,179.95,14769239.0,179.51
306,2017-05-18,144.51,148.15,147.66,144.72,21784326.0,147.66
305,2014-09-15,73.43,77.25,74.58,77.15,49576900.0,74.58
304,2014-12-19,78.33,80.0,79.88,78.75,43334992.0,79.88
303,2013-09-27,49.86,51.28,51.24,50.29,81410500.0,51.24
302,2012-12-21,26.12,27.01,26.26,26.66,54555200.0,26.26
301,2014-07-18,66.16,68.46,68.4199,66.8,42262200.0,68.4199
300,2018-06-13,191.91,194.5,192.41,192.74,15853821.0,192.41
299,2017-08-18,166.21,168.67,167.41,166.84,14933261.0,167.41
298,2015-07-15,89.42,90.99,89.76,90.0,30886601.0,89.76
297,2014-02-24,68.54,71.44,70.78,68.74,76620300.0,70.78
296,2014-12-24,80.75,81.43,80.77,81.03,7685481.0,80.77
295,2012-09-10,18.55,19.2,18.81,19.06,24797800.0,18.81
294,2017-01-13,127.37,129.27,128.34,127.49,24884325.0,128.34
293,2012-06-07,26.15,27.35,26.31,27.0,26159500.0,26.31
292,2013-12-02,46.26,47.54,47.06,46.9,50774000.0,47.06
291,2012-05-21,33.0,36.66,34.03,36.53,168192700.0,34.03
290,2018-05-08,177.11,179.04,178.92,178.25,15577211.0,178.92
289,2012-09-25,20.22,21.21,20.28,21.2,46291700.0,20.28
288,2014-07-10,63.05,65.34,64.8725,63.31,44388200.0,64.8725
287,2015-11-20,106.62,107.87,107.32,106.84,22129648.0,107.32
286,2016-11-17,116.01,117.79,117.79,116.81,18597766.0,117.79
285,2017-01-17,127.4,128.34,127.87,128.04,15294460.0,127.87
284,2017-11-20,178.1,179.5,178.74,178.87,10052391.0,178.74
283,2016-09-02,126.0,126.86,126.51,126.85,12118773.0,126.51
282,2018-03-05,175.89,181.1475,180.4,176.2,16189280.0,180.4
281,2015-09-23,92.8,94.32,93.97,93.4,21701427.0,93.97
280,2014-01-07,57.22,58.55,57.92,57.7,77207400.0,57.92
279,2014-07-08,62.21,65.56,62.76,65.06,68855600.0,62.76
278,2014-11-17,73.88,75.655,74.24,74.88,28701191.0,74.24
277,2013-11-27,45.53,46.67,46.49,45.97,44993000.0,46.49
276,2016-04-05,111.9,113.32,112.22,112.11,22962365.0,112.22
275,2014-12-03,74.4,75.73,74.88,75.38,16689857.0,74.88
274,2015-01-15,73.54,76.57,74.05,76.4,34133974.0,74.05
273,2017-02-14,132.55,134.23,133.85,134.1,14364877.0,133.85
272,2014-02-11,63.35,65.0,64.851,63.75,45675600.0,64.851
271,2014-10-07,76.24,77.95,76.29,77.05,25317488.0,76.29
270,2017-03-01,136.3,137.48,137.42,136.47,16257010.0,137.42
269,2014-10-20,75.38,77.09,76.95,75.6,34701260.0,76.95
268,2014-04-07,55.44,58.0,56.95,55.9,108488000.0,56.95
267,2017-11-16,178.5,179.83,179.59,178.76,15230062.0,179.59
266,2016-06-24,111.0,113.68,112.08,111.01,40643130.0,112.08
265,2018-03-14,181.85,184.25,184.19,182.6,16426843.0,184.19
264,2016-08-10,124.54,125.48,124.88,125.07,10670148.0,124.88
263,2016-05-17,117.2,119.01,117.35,118.82,21328648.0,117.35
262,2018-06-25,193.11,200.0,196.35,200.0,25275137.0,196.35
261,2017-07-18,159.42,163.73,162.86,159.66,23621711.0,162.86
260,2013-03-11,27.83,28.64,28.14,28.01,35642100.0,28.14
259,2017-11-02,177.34,181.94,178.92,180.63,35119841.0,178.92
258,2015-08-17,93.39,94.46,93.93,94.42,18313531.0,93.93
257,2017-10-20,174.63,175.88,174.98,175.5,11861307.0,174.98
256,2015-04-16,82.15,83.07,82.31,82.47,13769687.0,82.31
255,2017-06-05,153.41,154.71,153.63,153.64,12279871.0,153.63
254,2016-09-27,127.43,129.01,128.69,127.61,15637111.0,128.69
253,2015-08-27,87.19,90.06,89.73,89.19,42431375.0,89.73
252,2017-10-26,170.39,172.29,170.63,171.38,10932929.0,170.63
251,2017-01-18,126.84,128.43,127.92,128.41,13145852.0,127.92
250,2016-09-21,128.39,130.005,129.94,129.13,14068336.0,129.94
249,2013-07-26,33.56,34.73,34.01,33.77,136028900.0,34.01
248,2017-10-04,168.29,170.67,168.42,169.83,11829323.0,168.42
247,2013-12-13,51.34,53.5,53.32,51.66,82641000.0,53.32
246,2013-02-27,26.63,27.34,26.87,27.34,44319700.0,26.87
245,2014-10-24,79.32,80.8183,80.67,80.2,32247520.0,80.67
244,2017-05-24,148.42,150.23,150.04,148.51,17769670.0,150.04
243,2013-03-06,27.35,28.13,27.4525,28.1,33532600.0,27.4525
242,2014-04-16,57.74,60.19,59.72,59.79,78774000.0,59.72
241,2014-05-29,63.51,64.3,63.83,63.84,42700000.0,63.83
240,2014-12-31,77.86,79.8,78.02,79.54,20040439.0,78.02
239,2016-12-29,116.06,117.531,116.35,117.0,9934873.0,116.35
238,2014-09-09,76.2,78.17,76.67,77.59,28769300.0,76.67
237,2016-08-17,122.85,124.38,124.37,123.66,13794179.0,124.37
236,2013-12-06,47.71,49.39,47.94,48.98,42938000.0,47.94
235,2014-05-28,62.62,64.14,63.51,63.39,47795000.0,63.51
234,2016-10-05,127.83,128.8,128.47,128.25,12386753.0,128.47
233,2013-02-26,26.7,27.46,27.39,27.36,31611700.0,27.39
232,2014-03-14,67.46,69.43,67.72,68.49,48227000.0,67.72
231,2012-05-22,30.94,33.59,31.0,32.61,101786600.0,31.0
230,2013-10-02,49.95,51.1,50.28,50.13,62834000.0,50.28
229,2016-04-12,108.99,111.1645,110.61,109.34,26248081.0,110.61
228,2012-11-26,24.81,26.09,25.94,24.935,123865000.0,25.94
227,2017-02-13,133.7,134.7,134.05,134.7,13526221.0,134.05
226,2017-02-08,132.44,134.44,134.2,132.6,22390556.0,134.2
225,2018-07-25,214.27,218.62,217.5,215.715,64592585.0,217.5
224,2013-06-04,23.32,23.93,23.52,23.89,34760800.0,23.52
223,2015-07-30,91.8,95.81,95.21,94.91,86211323.0,95.21
222,2015-06-18,81.57,83.19,82.905,81.64,26782573.0,82.905
221,2017-06-30,150.06,151.92,150.98,151.9,14540013.0,150.98
220,2016-07-29,123.71,125.84,123.94,124.65,35058803.0,123.94
219,2017-07-28,169.05,173.43,172.45,169.07,24036502.0,172.45
218,2015-04-01,80.87,82.72,81.665,82.5,22058167.0,81.665
217,2013-01-22,29.74,30.89,30.729,29.75,55243300.0,30.729
216,2018-06-18,194.13,199.58,198.31,194.8,16826023.0,198.31
215,2015-12-21,103.6,105.15,104.77,104.91,16138786.0,104.77
214,2015-03-03,78.52,79.7,79.6,79.61,18634973.0,79.6
213,2016-10-06,128.08,129.06,128.74,128.43,11682729.0,128.74
212,2015-04-21,83.54,84.49,83.62,84.0,27171852.0,83.62
211,2016-12-27,116.864,118.68,118.01,116.96,12051481.0,118.01
210,2016-09-12,125.75,128.76,128.69,125.96,21252752.0,128.69
209,2014-07-30,74.13,75.19,74.677,74.21,36823000.0,74.677
208,2018-04-09,156.04,160.53,157.93,157.82,34915227.0,157.93
207,2016-11-28,119.82,121.69,120.41,120.12,18101314.0,120.41
206,2013-07-12,25.55,25.93,25.91,25.74,16537900.0,25.91
205,2012-07-02,30.55,31.73,30.771,31.25,14122000.0,30.771
204,2015-12-08,103.95,106.91,106.49,104.0,20401791.0,106.49
203,2015-03-30,82.41,84.34,83.195,83.81,24527686.0,83.195
202,2014-02-03,60.7,63.77,61.48,63.03,74866600.0,61.48
201,2014-12-22,80.0,81.89,81.45,80.08,31395770.0,81.45
200,2018-04-26,170.8,176.27,174.16,173.22,77556934.0,174.16
199,2012-06-12,26.96,27.77,27.4,27.48,15816800.0,27.4
198,2014-03-25,63.78,66.19,64.89,64.89,68786000.0,64.89
197,2016-11-04,119.25,121.93,120.75,119.59,30545466.0,120.75
196,2017-10-27,173.9,178.21,177.88,174.15,29867490.0,177.88
195,2014-04-11,57.31,60.31,58.53,57.6,91452000.0,58.53
194,2016-11-14,113.5535,119.1256,115.08,119.1256,51377040.0,115.08
193,2018-04-24,158.19,166.1,159.69,165.43,35079926.0,159.69
192,2014-08-22,73.57,74.73,74.57,74.34,20874600.0,74.57
191,2018-04-10,157.01,165.98,165.04,157.93,58947041.0,165.04
190,2017-08-02,166.91,170.55,169.3,170.3,17061845.0,169.3
189,2014-08-29,74.01,74.82,74.82,74.3,26224300.0,74.82
188,2012-08-10,21.13,21.82,21.807,21.41,25794700.0,21.807
187,2013-04-25,26.0,26.4,26.14,26.07,17150000.0,26.14
186,2015-01-20,74.82,76.31,76.24,75.72,22821614.0,76.24
185,2013-10-04,49.57,51.16,51.04,49.77,74447000.0,51.04
184,2015-11-12,108.0,109.39,108.02,108.48,20924674.0,108.02
183,2015-02-24,78.1,79.48,78.45,78.5,18897133.0,78.45
182,2016-08-24,123.09,124.69,123.48,124.47,12243719.0,123.48
181,2013-07-23,25.97,26.3,26.13,26.1,28221600.0,26.13
180,2013-02-25,27.15,27.64,27.27,27.16,34652000.0,27.27
179,2016-09-09,127.1,129.949,127.1,129.71,27100679.0,127.1
178,2012-05-23,31.36,32.5,32.0,31.37,73600000.0,32.0
177,2017-03-14,138.52,139.46,139.32,139.46,12944018.0,139.32
176,2013-02-15,28.09,28.75,28.32,28.52,33109300.0,28.32
175,2013-11-08,47.25,48.65,47.53,47.81,70731000.0,47.53
174,2017-02-23,134.33,136.12,135.36,135.89,18422549.0,135.36
173,2017-04-25,145.79,147.15,146.49,145.79,17684833.0,146.49
172,2016-12-19,118.51,120.36,119.24,119.85,15918146.0,119.24
171,2013-05-06,27.48,28.46,27.57,28.33,43939400.0,27.57
170,2014-01-27,51.85,54.9401,53.55,54.73,73924100.0,53.55
169,2016-03-17,110.73,112.69,111.02,112.15,24241247.0,111.02
168,2017-05-23,147.25,148.81,148.07,148.52,12665886.0,148.07
167,2012-10-22,19.05,19.43,19.321,19.25,32447300.0,19.321
166,2014-01-14,56.1,57.78,57.74,56.46,37503600.0,57.74
165,2013-05-21,25.59,26.075,25.66,25.87,26261300.0,25.66
164,2015-02-04,75.01,76.35,75.63,75.09,20277368.0,75.63
163,2013-11-04,48.02,49.75,48.22,49.365,80371000.0,48.22
162,2015-11-13,103.83,108.25,103.95,107.71,30278403.0,103.95
161,2013-10-03,49.06,50.72,49.183,50.47,82045000.0,49.183
160,2017-04-13,139.33,140.58,139.39,139.62,10965614.0,139.39
159,2017-10-31,178.94,180.8,180.06,180.57,19766043.0,180.06
158,2013-04-05,26.61,27.8,27.39,26.86,64566600.0,27.39
157,2016-06-03,117.86,118.98,118.47,118.975,14135114.0,118.47
156,2015-10-20,96.56,99.59,97.0,98.73,30881777.0,97.0
155,2013-09-10,43.23,44.26,43.6,44.24,54540300.0,43.6
154,2016-07-06,112.97,116.79,116.7,113.36,24337586.0,116.7
153,2018-05-22,183.43,185.42,183.8,184.93,12731419.0,183.8
152,2017-07-26,164.1,166.01,165.61,166.01,24081060.0,165.61
151,2018-01-17,175.8,179.32,177.6,179.26,27356988.0,177.6
150,2013-07-11,25.45,26.0,25.81,25.96,26777400.0,25.81
149,2014-02-21,68.45,69.96,68.59,69.69,70932400.0,68.59
148,2014-02-04,61.82,63.14,62.75,62.05,45985500.0,62.75
147,2015-10-15,94.9,96.3,95.96,94.99,27557516.0,95.96
146,2016-09-29,127.55,129.29,128.09,129.18,14532241.0,128.09
145,2013-10-31,46.5,52.0,50.205,47.155,248809000.0,50.205
144,2013-04-26,26.6,27.62,26.85,26.6,33018000.0,26.85
143,2013-05-16,25.9,26.55,26.13,26.48,35499100.0,26.13
142,2013-12-17,54.24,55.18,54.86,54.76,78751000.0,54.86
141,2015-06-08,80.13,82.0,80.67,81.82,16915471.0,80.67
140,2013-11-06,48.71,50.45,49.12,50.26,67889000.0,49.12
139,2016-02-05,103.18,109.58,104.07,109.51,76894741.0,104.07
138,2018-07-11,201.75,204.5,202.54,202.22,12927377.0,202.54
137,2015-09-08,88.83,90.24,89.53,89.69,27012543.0,89.53
136,2015-03-20,83.07,84.6,83.8,83.39,44466323.0,83.8
135,2015-10-12,92.67,94.6,94.26,93.32,18449562.0,94.26
134,2013-04-04,26.11,27.2301,27.0725,26.62,82016800.0,27.0725
133,2013-05-29,23.26,23.81,23.32,23.79,64237800.0,23.32
132,2017-06-29,148.92,152.5,151.04,152.28,23771610.0,151.04
131,2017-04-12,139.44,140.4,139.58,139.72,11612456.0,139.58
130,2013-10-10,47.83,49.68,49.05,47.865,99774000.0,49.05
129,2017-02-06,130.3,132.06,132.06,130.98,17058494.0,132.06
128,2013-03-13,26.92,27.65,27.08,27.62,39619500.0,27.08
127,2013-11-21,46.685,47.46,46.7,46.99,34886000.0,46.7
126,2014-08-12,72.22,73.3301,72.83,73.09,27374400.0,72.83
125,2016-06-08,117.27,118.6,118.39,117.76,14505596.0,118.39
124,2014-07-22,68.61,69.77,69.27,69.76,40301800.0,69.27
123,2013-07-22,25.72,26.13,26.045,25.99,27526300.0,26.045
122,2016-01-14,92.45,98.87,98.37,95.85,48658623.0,98.37
121,2015-03-16,77.36,78.12,78.07,77.96,19305406.0,78.07
120,2016-09-16,128.2,129.18,129.07,128.2,24119174.0,129.07
119,2014-02-19,67.0,69.08,68.06,67.05,62087100.0,68.06
118,2017-08-17,166.85,169.86,166.91,169.34,16791591.0,166.91
117,2015-07-16,89.77,90.86,90.85,90.28,21804086.0,90.85
116,2016-11-08,121.54,124.61,124.22,122.03,19460768.0,124.22
115,2017-12-04,170.79,176.57,171.47,176.29,24184006.0,171.47
114,2015-04-22,83.65,84.74,84.63,84.32,45547963.0,84.63
113,2015-12-07,104.66,106.83,105.61,106.48,15474890.0,105.61
112,2015-03-06,79.83,81.33,80.005,80.9,24488581.0,80.005
111,2016-12-08,117.64,119.5,118.91,117.98,22442756.0,118.91
110,2017-07-10,151.51,153.98,153.5,151.69,13296447.0,153.5
109,2014-04-25,57.57,60.01,57.71,59.97,92502000.0,57.71
108,2015-09-01,86.5,89.39,87.23,86.99,36097370.0,87.23
107,2015-11-10,105.24,108.15,107.91,105.96,25031681.0,107.91
106,2016-02-24,102.74,106.95,106.88,104.21,34412437.0,106.88
105,2017-02-15,132.66,133.7,133.44,133.45,13226534.0,133.44
104,2013-02-19,28.12,29.08,28.93,28.23,49396400.0,28.93
103,2018-04-19,165.2,168.33,168.1,166.2,22234961.0,168.1
102,2016-06-16,112.94,114.5,114.39,113.87,19236255.0,114.39
101,2013-10-22,52.2,54.76,52.675,54.33,83204000.0,52.675
100,2017-10-19,172.63,176.03,174.56,174.93,13602869.0,174.56
99,2018-05-29,183.71,186.81,185.74,184.34,16398937.0,185.74
98,2016-06-23,113.54,115.09,115.08,114.37,16176895.0,115.08
97,2012-07-19,28.63,29.5,29.0,29.41,13685100.0,29.0
96,2013-02-14,28.01,28.63,28.5,28.02,35615800.0,28.5
95,2013-07-25,32.75,34.88,34.359,33.545,365457900.0,34.359
94,2016-08-01,122.86,124.58,124.31,123.85,25006850.0,124.31
93,2016-10-18,128.01,129.39,128.57,128.68,13503967.0,128.57
92,2018-05-15,183.2,185.29,184.32,184.88,15429433.0,184.32
91,2015-09-24,92.24,94.765,94.41,93.06,29105964.0,94.41
90,2015-05-14,78.67,81.845,81.37,78.94,49437996.0,81.37
89,2014-06-20,63.35,64.81,64.5,64.46,46407900.0,64.5
88,2015-08-06,94.42,98.74,95.12,97.18,42271318.0,95.12
87,2014-05-23,60.15,61.45,61.351,60.41,38294000.0,61.351
86,2013-06-20,23.65,24.745,23.9,24.28,42765600.0,23.9
85,2016-06-13,113.31,115.48,113.95,115.0,31718239.0,113.95
84,2018-01-10,185.63,187.89,187.84,186.94,10464528.0,187.84
83,2017-03-06,136.51,137.83,137.42,136.88,12748179.0,137.42
82,2015-09-14,91.6,92.62,92.31,92.31,20127871.0,92.31
81,2018-07-02,192.22,197.45,197.36,193.37,13961578.0,197.36
80,2013-11-11,45.73,47.53,46.2,47.04,80910000.0,46.2
79,2017-11-14,177.18,178.97,178.07,178.13,9465112.0,178.07
78,2016-05-16,117.35,119.61,118.67,119.38,31247834.0,118.67
77,2012-06-11,26.835,28.07,27.005,27.18,28219600.0,27.005
76,2017-04-26,146.09,147.59,146.56,147.09,11324335.0,146.56
75,2015-08-19,94.161,96.1,95.31,94.63,23251271.0,95.31
74,2016-01-06,100.9,103.77,102.97,101.13,25096183.0,102.97
73,2015-04-06,80.8,82.81,82.44,80.8,19062934.0,82.44
72,2015-07-14,89.65,90.8,89.68,90.46,26627849.0,89.68
71,2016-04-29,115.84,117.84,117.58,116.82,37140594.0,117.58
70,2014-03-21,66.1786,67.92,67.24,67.53,59999900.0,67.24
69,2014-04-17,58.72,60.58,58.94,59.3,88040000.0,58.94
68,2013-09-03,41.51,42.165,41.87,41.84,48774900.0,41.87
67,2016-09-01,125.6,126.63,126.17,126.38,13536125.0,126.17
66,2015-02-03,73.86,75.58,75.4,75.19,26957714.0,75.4
65,2014-02-06,61.46,62.78,62.16,61.46,42086500.0,62.16
64,2013-11-15,48.71,49.48,49.01,49.11,42453000.0,49.01
63,2017-05-04,148.72,151.52,150.85,150.17,36060301.0,150.85
62,2012-08-24,19.25,19.68,19.409,19.52,29622200.0,19.409
61,2018-01-24,186.52,190.66,186.55,189.89,22992031.0,186.55
60,2015-12-17,106.13,107.75,106.22,107.49,21675686.0,106.22
59,2017-12-11,178.8,180.22,179.04,179.3,12630207.0,179.04
58,2015-07-08,85.445,86.75,85.65,86.29,24399340.0,85.65
57,2018-05-01,170.23,174.02,173.86,172.0,26025932.0,173.86
56,2014-11-26,75.51,77.78,77.62,75.53,32721585.0,77.62
55,2016-11-01,128.65,131.94,129.5,131.41,22077779.0,129.5
54,2016-03-28,112.95,114.5889,113.69,113.32,21351751.0,113.69
53,2013-12-18,53.75,55.89,55.57,54.86,76003000.0,55.57
52,2014-03-19,67.465,69.29,68.24,69.17,43981000.0,68.24
51,2017-08-15,170.01,171.5,171.0,171.49,8621787.0,171.0
50,2017-06-08,153.1,154.73,154.71,154.08,17539521.0,154.71
49,2017-02-03,130.76,132.85,130.98,131.24,24804890.0,130.98
48,2017-05-01,151.42,152.57,152.46,151.74,24669159.0,152.46
47,2017-11-28,182.09,184.25,182.42,183.51,13761926.0,182.42
46,2013-02-22,26.82,27.63,27.13,27.62,36350200.0,27.13
45,2016-01-20,89.37,95.0,94.35,92.83,59051429.0,94.35
44,2012-06-28,30.9,32.19,31.36,31.96,17713300.0,31.36
43,2016-05-05,117.25,118.98,117.81,118.04,22056749.0,117.81
42,2017-10-24,171.5,173.24,171.8,172.3,11629341.0,171.8
41,2018-05-02,174.2,178.08,176.07,174.246,30424450.0,176.07
40,2013-08-13,36.77,38.32,37.019,38.24,65379200.0,37.019
39,2014-08-11,73.06,73.91,73.44,73.46,24544100.0,73.44
38,2013-12-27,55.25,57.68,55.44,57.48,60466000.0,55.44
37,2017-08-31,170.06,172.15,171.97,170.4,17226465.0,171.97
36,2015-05-11,77.93,79.03,78.01,78.48,18874054.0,78.01
35,2016-08-29,124.35,126.73,126.54,124.35,15925900.0,126.54
34,2012-07-05,31.02,31.625,31.47,31.32,10032100.0,31.47
33,2015-06-02,79.56,81.35,80.445,79.76,18923300.0,80.445
32,2018-05-23,182.18,186.91,186.9,182.5,16628100.0,186.9
31,2016-07-14,116.7,117.64,117.29,117.5,14579736.0,117.29
30,2015-01-30,75.75,78.16,75.91,78.0,42649491.0,75.91
29,2017-09-18,169.34,172.07,170.01,171.99,12785437.0,170.01
28,2012-06-26,32.5,33.44,33.1,32.69,24858700.0,33.1
27,2016-12-16,119.27,121.5,119.87,120.9,25324299.0,119.87
26,2018-03-13,181.11,185.99,181.88,185.61,17742312.0,181.88
25,2017-10-03,169.2,170.73,169.96,169.3,8054219.0,169.96
24,2014-11-12,73.54,75.14,74.72,74.28,26536609.0,74.72
23,2016-07-01,113.81,115.13,114.19,114.2,14980023.0,114.19
22,2014-12-15,76.56,78.58,76.99,78.46,29396532.0,76.99
21,2013-01-14,30.62,32.21,30.9475,32.08,98892800.0,30.9475
20,2016-07-28,123.63,128.33,125.0,127.52,78955758.0,125.0
19,2018-01-16,178.04,181.75,178.39,181.5,35027166.0,178.39
18,2018-07-27,173.0,179.93,174.89,179.87,59695850.0,174.89
17,2013-05-13,26.531,27.325,26.82,26.6,29068800.0,26.82
16,2013-02-28,26.34,27.3,27.25,26.84,83027800.0,27.25
15,2017-09-27,165.57,168.34,167.68,165.9,18963276.0,167.68
14,2017-09-12,171.75,174.0,172.96,173.76,11051768.0,172.96
13,2012-11-06,20.99,21.37,21.1712,21.24,29062700.0,21.1712
12,2015-04-13,81.92,83.94,83.01,81.93,26883094.0,83.01
11,2014-10-16,70.58,73.35,72.63,70.79,53529459.0,72.63
10,2013-03-26,25.03,25.48,25.205,25.08,26957200.0,25.205
9,2015-08-28,89.792,91.48,91.01,89.94,33215885.0,91.01
8,2014-09-12,77.1,78.3,77.48,78.02,26676800.0,77.48
7,2017-10-11,171.4,172.78,172.74,171.95,11023310.0,172.74
6,2017-09-22,169.22,171.73,170.54,170.21,11835708.0,170.54
5,2014-11-28,77.23,78.27,77.7,77.67,15992035.0,77.7
4,2017-01-23,126.95,129.25,128.93,127.31,16593563.0,128.93
3,2017-12-08,178.7401,182.28,179.0,181.53,19377310.0,179.0
2,2016-10-11,128.23,130.64,128.88,130.23,17537928.0,128.88
1,2015-01-02,77.7,78.93,78.45,78.58,18177475.0,78.45
0,2016-10-03,127.8,129.09,128.77,128.38,13156943.0,128.77
