1101,2016-10-14,776.0,783.95,778.53,781.65,852487.0,778.53
1100,2016-08-31,765.38,769.09,767.05,767.01,1248556.0,767.05
1099,2017-11-27,1038.44,1055.46,1054.21,1040.0,1284354.0,1054.21
1098,2014-12-26,527.31,534.25,534.03,528.77,1037727.0,534.03
1097,2014-09-25,574.18,587.98,575.06,587.55,1915643.0,575.06
1096,2014-08-14,570.88,577.9,574.65,576.18,982800.0,574.65
1095,2017-02-08,803.1903,811.84,808.38,807.0,1155990.0,808.38
1094,2016-09-06,771.0,782.0,780.08,773.45,1442822.0,780.08
1093,2014-11-28,536.6,542.0,541.83,540.62,1145231.0,541.83
1092,2014-06-26,571.85,582.45,576.0,581.0,1737200.0,576.0
1091,2018-02-27,1118.0,1144.04,1118.29,1141.24,1741578.0,1118.29
1090,2017-09-19,912.55,922.42,921.81,917.42,902415.0,921.81
1089,2016-06-15,717.31,722.98,718.92,719.0,1214517.0,718.92
1088,2014-11-19,530.08,538.24,536.99,535.0,1388440.0,536.99
1087,2015-07-21,654.3,673.0,662.3,655.21,3377196.0,662.3
1086,2018-07-30,1211.47,1234.92,1219.74,1228.01,1849904.0,1219.74
1085,2017-07-26,942.279,955.0,947.8,954.68,2056013.0,947.8
1084,2015-12-17,749.0,762.68,749.43,762.42,1553418.0,749.43
1083,2015-06-11,533.02,538.98,534.61,538.425,1217536.0,534.61
1082,2017-05-24,949.5,955.09,954.96,952.98,990248.0,954.96
1081,2015-02-20,535.8,543.75,538.95,543.13,1441212.0,538.95
1080,2014-09-22,583.46,593.949,587.37,593.82,1684900.0,587.37
1079,2017-07-25,945.4,959.7,950.7,953.81,4626086.0,950.7
1078,2018-08-09,1246.01,1255.542,1254.2268,1249.9,574569.0,1254.2268
1077,2016-05-25,719.7047,727.51,725.27,720.76,1632564.0,725.27
1076,2016-11-18,760.0,775.0,760.54,771.37,1547145.0,760.54
1075,2015-03-23,555.83,562.36,558.81,560.43,1639306.0,558.81
1074,2015-05-29,531.45,538.63,532.11,537.37,2597407.0,532.11
1073,2014-10-07,563.74,575.27,563.74,574.4,1906427.0,563.74
1072,2017-04-27,870.38,875.4,874.25,873.6,1734197.0,874.25
1071,2015-07-16,565.0,580.68,579.85,565.12,4768318.0,579.85
1070,2017-02-14,816.0,823.0,820.45,819.0,1054732.0,820.45
1069,2017-04-17,824.47,837.75,837.17,825.01,895015.0,837.17
1068,2018-06-26,1116.66,1133.21,1118.46,1128.0,1563225.0,1118.46
1067,2015-10-07,632.15,650.609,642.36,649.24,2092714.0,642.36
1066,2017-10-09,976.11,985.425,977.0,980.0,886700.0,977.0
1065,2018-05-25,1073.78,1082.56,1075.66,1079.02,899406.0,1075.66
1064,2016-07-07,688.215,698.2,695.36,698.08,1304200.0,695.36
1063,2017-01-27,820.44,841.95,823.31,834.71,2965771.0,823.31
1062,2015-03-12,550.46,556.37,555.51,553.51,1385772.0,555.51
1061,2015-07-29,622.65,633.36,631.93,628.8,1575069.0,631.93
1060,2015-03-18,547.0001,559.78,559.5,552.5,2128714.0,559.5
1059,2016-05-12,709.0,719.25,713.31,717.06,1361332.0,713.31
1058,2018-05-21,1073.65,1088.0,1079.58,1074.06,1023211.0,1079.58
1057,2017-04-12,821.02,826.66,824.32,821.93,900480.0,824.32
1056,2017-05-26,965.03,974.98,971.47,969.7,1246186.0,971.47
1055,2015-03-27,548.13,555.28,548.34,553.0,1892323.0,548.34
1054,2016-03-07,686.9,708.0912,695.16,706.9,2988026.0,695.16
1053,2016-05-24,706.86,720.97,720.09,706.86,1929467.0,720.09
1052,2015-04-06,529.57,538.41,536.765,532.22,1320767.0,536.765
1051,2015-11-03,714.72,724.65,722.16,718.86,1565379.0,722.16
1050,2016-08-23,771.785,776.44,772.08,775.48,928232.0,772.08
1049,2016-05-09,710.0,718.71,712.9,712.0,1510289.0,712.9
1048,2017-07-12,934.47,946.3,943.83,938.68,1505982.0,943.83
1047,2017-06-13,944.09,959.98,953.4,951.91,1995350.0,953.4
1046,2017-04-07,820.513,828.485,824.67,827.96,1056692.0,824.67
1045,2014-10-10,544.05,565.1299,544.49,557.72,3078634.0,544.49
1044,2017-10-12,985.0,994.12,987.83,987.45,1259082.0,987.83
1043,2018-01-30,1163.52,1176.52,1163.69,1167.83,1400132.0,1163.69
1042,2015-05-07,521.75,533.46,530.7,523.99,1546278.0,530.7
1041,2016-11-08,780.19,795.633,790.51,783.4,1366873.0,790.51
1040,2014-07-11,571.42,580.85,579.18,571.91,1617300.0,579.18
1039,2016-12-28,783.2,794.23,785.05,793.7,1153824.0,785.05
1038,2014-12-29,530.011,535.48,530.33,532.19,2276104.0,530.33
1037,2014-05-15,517.42,525.87,519.98,525.7,1699700.0,519.98
1036,2017-01-25,825.06,835.77,835.67,829.62,1627304.0,835.67
1035,2017-08-29,905.0,923.33,921.29,905.1,1180160.0,921.29
1034,2014-06-13,545.56,552.3,551.76,552.26,1217200.0,551.76
1033,2017-07-05,898.5,914.51,911.71,901.76,1743497.0,911.71
1032,2017-02-07,801.78,810.5,806.97,803.99,1241221.0,806.97
1031,2015-10-09,635.318,645.99,643.61,640.0,1648736.0,643.61
1030,2016-02-26,700.86,713.43,705.07,708.58,2243522.0,705.07
1029,2017-11-14,1014.15,1026.81,1026.0,1022.59,947273.0,1026.0
1028,2015-12-10,743.83,755.85,749.46,752.85,1988380.0,749.46
1027,2014-12-08,523.79,531.0,526.98,527.13,2327127.0,526.98
1026,2016-07-27,737.0,744.46,741.77,738.28,1512517.0,741.77
1025,2017-08-08,925.61,935.814,926.79,927.09,1039394.0,926.79
1024,2014-12-15,513.27,523.1,513.8,522.74,2812786.0,513.8
1023,2017-08-25,915.5,925.555,915.89,923.49,1040693.0,915.89
1022,2015-04-21,533.675,539.39,533.97,537.51,1839668.0,533.97
1021,2016-06-22,693.0819,700.86,697.46,699.06,1184318.0,697.46
1020,2016-01-21,694.46,719.19,706.59,702.18,2412211.0,706.59
1019,2016-08-17,773.53,780.81,779.91,777.32,924226.0,779.91
1018,2017-02-09,804.54,810.66,809.56,809.51,990391.0,809.56
1017,2017-12-14,1043.11,1058.5,1049.15,1045.0,1545616.0,1049.15
1016,2015-10-14,648.85,659.39,651.16,653.21,1415468.0,651.16
1015,2015-07-06,519.0,525.25,522.86,519.5,1280525.0,522.86
1014,2017-10-18,986.975,996.72,992.81,991.77,1022521.0,992.81
1013,2016-01-11,703.54,718.855,716.03,716.61,2090621.0,716.03
1012,2016-12-22,788.58,793.32,791.26,792.36,972169.0,791.26
1011,2015-01-12,487.56,495.976,492.55,494.94,2320446.0,492.55
1010,2015-09-28,589.38,614.605,594.89,610.34,3110651.0,594.89
1009,2014-04-21,525.6,536.7,528.62,536.1,2559700.0,528.62
1008,2017-03-14,840.8,847.24,845.62,843.64,780198.0,845.62
1007,2015-01-08,491.0,503.48,502.68,497.99,3344395.0,502.68
1006,2016-11-04,750.5611,770.36,762.02,750.66,2134812.0,762.02
1005,2014-10-30,543.51,552.8,550.31,548.95,1451667.0,550.31
1004,2014-07-01,576.65,584.4,582.67,578.32,1444000.0,582.67
1003,2017-08-16,923.445,932.7,926.96,925.29,988604.0,926.96
1002,2017-10-27,1008.2,1048.39,1019.27,1009.19,5125791.0,1019.27
1001,2016-09-08,773.58,780.35,775.32,778.59,1270264.0,775.32
1000,2017-07-07,908.85,921.54,918.59,908.85,1588034.0,918.59
999,2016-08-25,763.1846,771.89,769.41,767.0,926883.0,769.41
998,2016-11-15,746.97,764.4162,758.49,746.97,2384001.0,758.49
997,2018-04-23,1060.7,1082.72,1067.45,1077.86,2341258.0,1067.45
996,2016-10-12,782.06,788.13,786.14,783.76,937435.0,786.14
995,2014-06-18,544.0,553.56,553.37,544.86,1737000.0,553.37
994,2016-06-27,663.284,672.3,668.26,671.0,2641085.0,668.26
993,2018-03-02,1048.12,1082.0,1078.92,1053.08,2271551.0,1078.92
992,2016-07-26,734.27,741.69,738.42,739.04,1186738.0,738.42
991,2016-01-08,713.0,733.23,714.47,731.45,2450857.0,714.47
990,2014-11-20,531.08,535.11,534.83,531.25,1559131.0,534.83
989,2014-12-04,528.59,537.34,537.31,531.16,1392208.0,537.31
988,2016-03-16,724.51,737.47,736.09,726.37,1624370.0,736.09
987,2017-10-03,949.14,958.0,957.79,954.0,881562.0,957.79
986,2016-09-12,754.0001,770.29,769.02,755.13,1310986.0,769.02
985,2014-09-16,572.66,581.5,579.95,572.76,1476300.0,579.95
984,2016-07-29,766.77,778.55,768.79,772.71,3841482.0,768.79
983,2015-03-31,546.72,554.71,548.0,550.0,1583677.0,548.0
982,2017-12-19,1063.55,1076.84,1070.68,1075.2,1254615.0,1070.68
981,2014-12-23,526.29,534.56,530.59,527.0,2191567.0,530.59
980,2015-09-04,595.25,603.47,600.7,600.0,2089453.0,600.7
979,2018-01-18,1117.5,1132.51,1129.79,1131.41,1148920.0,1129.79
978,2018-03-19,1089.01,1121.99,1099.82,1120.01,2339506.0,1099.82
977,2014-07-29,583.515,589.7,585.61,588.75,1346200.0,585.61
976,2018-08-02,1204.79,1229.88,1226.15,1205.9,1531299.0,1226.15
975,2018-05-18,1060.68,1069.94,1066.36,1061.86,1565240.0,1066.36
974,2017-11-17,1017.75,1034.42,1019.09,1034.01,1350144.0,1019.09
973,2016-02-24,680.78,700.0,699.56,688.92,1963573.0,699.56
972,2018-01-12,1101.15,1124.29,1122.26,1102.41,1701377.0,1122.26
971,2015-01-06,501.05,516.175,501.96,515.0,2891950.0,501.96
970,2015-12-16,739.435,760.59,758.09,750.0,1993251.0,758.09
969,2016-04-08,735.55,745.45,739.15,743.97,1290787.0,739.15
968,2017-06-23,954.2,966.0,965.59,956.83,1394008.0,965.59
967,2014-12-11,527.1,533.92,528.34,527.8,1610964.0,528.34
966,2018-06-08,1112.15,1126.67,1120.87,1118.18,1290845.0,1120.87
965,2015-07-27,620.5,634.3,627.26,621.0,2675381.0,627.26
964,2016-05-31,731.26,739.73,735.72,731.74,2129545.0,735.72
963,2014-04-03,564.13,587.28,569.74,569.85,5085200.0,569.74
962,2017-08-28,911.87,919.245,913.81,916.0,1072467.0,913.81
961,2016-10-10,775.87,789.38,785.94,777.71,1174923.0,785.94
960,2016-08-30,766.84,774.466,769.09,769.33,1130029.0,769.09
959,2016-10-05,775.65,782.07,776.47,779.31,1461151.0,776.47
958,2017-03-13,843.25,848.685,845.54,844.0,1223647.0,845.54
957,2016-02-02,764.65,789.8699,764.65,784.5,6348126.0,764.65
956,2018-05-10,1085.64,1100.44,1097.57,1086.03,1443025.0,1097.57
955,2017-04-26,867.748,876.05,871.73,874.23,1188464.0,871.73
954,2014-09-26,574.66,579.25,577.1,576.06,1439807.0,577.1
953,2015-05-06,521.085,532.38,524.22,531.24,1566987.0,524.22
952,2015-06-05,532.52,537.2,533.33,536.35,1388220.0,533.33
951,2015-01-02,524.1,531.27,524.81,529.01,1446662.0,524.81
950,2014-05-01,523.88,532.93,531.35,527.11,1900300.0,531.35
949,2015-06-29,520.54,528.61,521.52,525.01,1937821.0,521.52
948,2014-09-05,581.95,586.55,586.08,583.98,1627900.0,586.08
947,2018-02-21,1106.33,1133.97,1111.34,1106.47,1493162.0,1111.34
946,2017-11-20,1017.5,1022.61,1018.38,1020.26,894844.0,1018.38
945,2014-08-26,576.58,581.8,577.86,581.26,1635200.0,577.86
944,2017-09-01,935.15,942.48,937.34,941.13,913404.0,937.34
943,2018-02-09,992.56,1043.97,1037.78,1017.25,3267883.0,1037.78
942,2015-10-30,710.05,718.0,710.81,715.73,1908774.0,710.81
941,2017-10-19,978.39,988.88,984.45,986.0,1282755.0,984.45
940,2014-06-20,550.3915,557.58,556.36,556.85,4496000.0,556.36
939,2014-07-09,569.376,576.72,576.08,571.58,1113700.0,576.08
938,2018-04-10,1011.34,1036.28,1031.64,1026.44,2029648.0,1031.64
937,2018-02-12,1040.93,1061.5,1051.94,1048.0,2038875.0,1051.94
936,2015-08-20,642.9,662.99,646.83,655.46,2855299.0,646.83
935,2015-04-07,536.0,542.69,537.02,538.08,1299298.0,537.02
934,2017-03-23,812.257,822.57,817.58,821.0,3487056.0,817.58
933,2018-01-19,1128.3,1137.86,1137.51,1131.83,1361390.0,1137.51
932,2014-10-14,533.1695,547.19,537.94,538.9,2217230.0,537.94
931,2016-04-29,689.0,697.62,693.01,690.7,2487673.0,693.01
930,2016-11-11,750.38,760.78,754.02,756.54,2431815.0,754.02
929,2017-07-19,964.03,973.04,970.89,967.84,1212814.0,970.89
928,2015-02-13,543.13,549.91,549.01,543.35,1895126.0,549.01
927,2015-06-15,524.0,528.3,527.2,528.0,1632702.0,527.2
926,2014-09-02,571.19,577.83,577.33,571.85,1574100.0,577.33
925,2014-09-08,586.3,591.77,589.72,586.6,1427100.0,589.72
924,2016-04-15,752.6938,761.0,759.0,753.98,1809332.0,759.0
923,2014-09-11,576.26,581.81,581.35,580.36,1217700.0,581.35
922,2014-05-07,503.3,516.68,509.96,515.79,3215500.0,509.96
921,2014-05-29,558.71,564.0,560.08,563.35,1350400.0,560.08
920,2015-08-05,633.16,647.86,643.78,634.33,2008659.0,643.78
919,2014-04-07,527.15,548.48,538.15,540.74,4389600.0,538.15
918,2016-08-03,766.82,773.21,773.18,767.18,1287421.0,773.18
917,2015-11-17,723.027,731.845,725.3,729.29,1506733.0,725.3
916,2018-05-08,1047.14,1060.55,1053.91,1058.54,1217721.0,1053.91
915,2014-11-06,540.97,546.885,542.04,545.5,1329604.0,542.04
914,2015-01-27,518.19,530.7,518.63,529.97,1898844.0,518.63
913,2015-11-10,718.5001,730.59,728.32,724.4,1607994.0,728.32
912,2016-11-28,759.8,779.53,768.24,760.0,2188151.0,768.24
911,2015-11-04,721.9,733.1,728.11,722.0,1706700.0,728.11
910,2017-08-17,910.98,926.86,910.98,925.78,1218963.0,910.98
909,2017-10-16,984.0,993.907,992.0,992.1,900751.0,992.0
908,2015-08-18,653.46,664.0,656.13,661.9,1456059.0,656.13
907,2016-03-02,712.0,720.0,718.85,719.0,1629003.0,718.85
906,2017-08-02,916.68,932.6,930.39,928.61,1816343.0,930.39
905,2015-06-26,531.35,537.76,531.69,537.26,2109130.0,531.69
904,2016-09-26,773.07,782.74,774.21,782.74,1533206.0,774.21
903,2018-07-31,1205.6,1227.59,1217.26,1220.01,1644722.0,1217.26
902,2017-10-24,961.0,972.23,970.54,970.0,1155231.0,970.54
901,2016-08-18,777.0,782.86,777.5,780.01,719429.0,777.5
900,2015-10-21,641.73,655.87,642.61,654.15,1794172.0,642.61
899,2014-12-18,504.7,513.87,511.1,512.95,2918730.0,511.1
898,2017-03-02,829.64,834.51,830.63,833.85,942476.0,830.63
897,2018-06-19,1154.01,1171.27,1168.06,1158.5,1621018.0,1168.06
896,2015-11-11,730.23,741.0,735.4,732.46,1366995.0,735.4
895,2015-03-30,548.17,553.47,552.03,551.62,1283958.0,552.03
894,2015-04-08,538.38,543.85,541.61,538.38,1175332.0,541.61
893,2018-04-18,1066.22,1077.43,1072.08,1077.43,1344138.0,1072.08
892,2016-06-07,716.55,721.98,716.65,719.84,1336754.0,716.65
891,2015-03-13,544.22,558.4,547.32,553.5,1698872.0,547.32
890,2017-03-21,829.02,853.5,830.46,851.4,2463484.0,830.46
889,2018-05-29,1055.22,1073.37,1060.32,1064.89,1865139.0,1060.32
888,2014-12-16,489.0,513.05,495.39,511.56,3953371.0,495.39
887,2018-07-27,1231.0,1273.89,1238.5,1271.0,2130558.0,1238.5
886,2016-08-26,765.85,776.0799,769.54,769.0,1166681.0,769.54
885,2017-12-04,995.57,1016.1,998.68,1012.66,1891408.0,998.68
884,2018-04-24,1010.59,1057.0,1019.98,1052.0,4760260.0,1019.98
883,2016-08-05,772.34,783.04,782.22,773.78,1801205.0,782.22
882,2015-06-02,531.33,543.0,539.18,532.93,1938989.0,539.18
881,2018-03-08,1112.8,1127.6,1126.0,1115.32,1240299.0,1126.0
880,2014-09-24,580.52,589.63,587.99,581.46,1721085.0,587.99
879,2016-12-21,787.1,796.6757,794.56,795.84,1211346.0,794.56
878,2015-05-22,539.51,544.19,540.11,540.15,1176214.0,540.11
877,2016-07-01,692.1301,700.65,699.21,692.2,1344710.0,699.21
876,2015-02-23,529.41,536.439,531.91,536.05,1453907.0,531.91
875,2016-06-14,713.12,722.47,718.27,716.48,1306065.0,718.27
874,2015-08-10,631.249,643.44,633.73,639.48,1809205.0,633.73
873,2016-08-29,766.615,774.99,772.15,768.74,847565.0,772.15
872,2014-11-18,534.17,541.94,535.03,537.5,1957664.0,535.03
871,2017-10-13,989.0,997.21,989.68,992.0,1143907.0,989.68
870,2017-07-03,894.79,913.94,898.7,912.18,1710189.0,898.7
869,2017-11-16,1022.52,1035.92,1032.5,1022.52,1129423.0,1032.5
868,2015-10-06,636.5295,649.25,645.44,638.84,2236847.0,645.44
867,2015-06-12,530.16,533.12,532.33,531.6,955789.0,532.33
866,2017-11-07,1025.13,1033.97,1033.33,1027.27,1089887.0,1033.33
865,2017-01-26,827.01,838.0,832.15,837.81,2973891.0,832.15
864,2015-08-27,622.0,643.59,637.61,639.4,3491336.0,637.61
863,2016-01-29,726.8,744.9899,742.95,731.53,3474319.0,742.95
862,2014-10-13,533.1,549.5,533.21,544.99,2578676.0,533.21
861,2018-03-23,1021.22,1063.36,1021.57,1047.03,2113497.0,1021.57
860,2016-05-03,692.0,697.84,692.36,696.87,1543785.0,692.36
859,2018-05-17,1073.5,1086.87,1078.59,1079.89,1043766.0,1078.59
858,2018-06-27,1103.62,1131.84,1103.98,1121.34,1293892.0,1103.98
857,2015-08-12,652.29,665.0,659.56,663.08,2940803.0,659.56
856,2014-06-17,539.33,545.32,543.01,544.2,1440600.0,543.01
855,2017-05-09,929.53,937.5,932.17,936.95,1575628.0,932.17
854,2017-05-30,969.49,976.2,975.88,970.31,1455686.0,975.88
853,2015-03-17,548.0,553.8,550.84,551.71,1800570.0,550.84
852,2014-05-16,515.44,521.8,520.63,521.39,1481200.0,520.63
851,2016-04-21,749.55,760.45,759.14,755.38,3060490.0,759.14
850,2017-01-31,790.52,801.25,796.79,796.86,2160556.0,796.79
849,2018-01-03,1063.21,1086.29,1082.48,1064.31,1416093.0,1082.48
848,2017-08-01,929.26,937.447,930.83,932.38,1211553.0,930.83
847,2014-12-19,506.9106,517.72,516.35,511.51,3680148.0,516.35
846,2014-10-24,535.79,544.88,539.78,544.36,1972047.0,539.78
845,2016-02-12,678.6,693.75,682.4,690.26,2141373.0,682.4
844,2017-04-10,823.77,829.35,824.73,825.39,978905.0,824.73
843,2014-05-19,517.583,529.78,528.86,519.7,1274300.0,528.86
842,2014-07-03,580.92,585.01,584.73,583.35,712200.0,584.73
841,2018-02-02,1107.28,1123.07,1111.9,1122.0,4758496.0,1111.9
840,2016-04-25,715.59,723.93,723.15,716.1,1959179.0,723.15
839,2017-03-22,827.1801,835.55,829.59,831.91,1401465.0,829.59
838,2016-10-21,794.0,799.5,799.37,795.0,1266181.0,799.37
837,2017-01-24,817.821,825.9,823.87,822.3,1474010.0,823.87
836,2015-10-13,643.15,657.8125,652.3,643.15,1807685.0,652.3
835,2014-10-17,508.53,530.98,511.17,527.25,5530674.0,511.17
834,2015-07-28,623.31,632.83,628.0,632.83,1727327.0,628.0
833,2017-05-12,927.85,933.44,932.22,931.53,1038409.0,932.22
832,2018-02-26,1126.69,1143.96,1143.75,1127.8,1492380.0,1143.75
831,2016-02-16,685.05,698.0,691.0,692.98,2520021.0,691.0
830,2016-05-18,700.63,711.6,706.63,703.67,1766836.0,706.63
829,2017-07-21,960.15,973.23,972.92,962.25,1665103.0,972.92
828,2015-07-01,518.2305,525.69,521.84,524.73,1961354.0,521.84
827,2017-06-21,950.76,960.1,959.45,953.64,1192342.0,959.45
826,2014-11-03,553.23,557.9,555.22,555.5,1378511.0,555.22
825,2015-10-08,625.56,644.45,639.16,641.36,2182081.0,639.16
824,2016-05-13,709.26,716.6619,710.83,711.93,1314499.0,710.83
823,2016-11-07,772.55,785.19,782.52,774.5,1585070.0,782.52
822,2016-10-18,785.565,801.61,795.26,787.85,2056903.0,795.26
821,2015-11-18,727.0,741.41,740.0,727.58,1684259.0,740.0
820,2016-06-20,693.41,702.48,693.71,698.77,2082538.0,693.71
819,2014-06-19,548.51,555.0,554.9,554.24,2450100.0,554.9
818,2015-06-10,529.35,538.36,536.69,529.36,1814958.0,536.69
817,2017-08-23,919.36,929.93,927.0,921.93,1077809.0,927.0
816,2014-12-09,520.5,534.19,533.37,522.14,1871268.0,533.37
815,2014-06-04,538.75,548.61,544.66,541.5,1811500.0,544.66
814,2016-01-07,719.06,738.5,726.39,730.31,2963741.0,726.39
813,2015-09-16,632.32,637.95,635.98,635.47,1286454.0,635.98
812,2016-06-06,714.61,724.91,716.55,724.91,1566059.0,716.55
811,2017-05-17,918.14,939.333,919.62,935.67,2323389.0,919.62
810,2014-06-09,556.04,562.9,562.12,557.15,1463500.0,562.12
809,2018-01-24,1161.05,1179.86,1164.24,1177.33,1351237.0,1164.24
808,2018-03-26,1008.4,1055.63,1053.21,1046.0,2558385.0,1053.21
807,2018-01-25,1162.76,1175.94,1170.37,1172.53,1326436.0,1170.37
806,2015-01-28,510.0,522.99,510.0,522.78,1679230.0,510.0
805,2016-03-01,699.77,718.81,718.81,703.62,2151419.0,718.81
804,2015-07-15,556.79,566.5029,560.22,560.13,1784554.0,560.22
803,2014-12-31,525.8,532.6,526.4,531.25,1371819.0,526.4
802,2017-06-29,910.62,931.26,917.79,929.92,3248393.0,917.79
801,2016-11-21,760.6,769.7,769.2,762.61,1330639.0,769.2
800,2017-12-27,1048.05,1058.37,1049.37,1057.39,1214775.0,1049.37
799,2017-01-23,803.74,820.87,819.31,807.25,1963628.0,819.31
798,2017-08-14,918.19,924.668,922.67,922.53,1047828.0,922.67
797,2018-01-10,1096.11,1104.6,1102.61,1097.1,1038917.0,1102.61
796,2014-08-05,562.61,571.98,565.07,570.05,1547000.0,565.07
795,2017-04-04,829.036,835.18,834.57,831.36,1045363.0,834.57
794,2018-03-21,1085.15,1106.3,1090.88,1092.74,1640709.0,1090.88
793,2014-05-13,529.51,536.07,533.09,530.89,1648900.0,533.09
792,2018-07-26,1249.02,1269.77,1268.33,1251.0,2405638.0,1268.33
791,2018-01-05,1092.0,1104.25,1102.23,1094.0,1210974.0,1102.23
790,2018-01-04,1084.0,1093.57,1086.4,1088.0,990510.0,1086.4
789,2016-05-23,704.18,711.4781,704.24,706.53,1330692.0,704.24
788,2016-11-02,763.4496,781.65,768.7,778.2,1918414.0,768.7
787,2017-07-11,922.0,931.43,930.09,929.54,1093281.0,930.09
786,2017-06-02,966.0,975.88,975.6,969.46,1717212.0,975.6
785,2017-01-03,775.8,789.63,786.14,778.81,1657268.0,786.14
784,2017-11-15,1015.42,1024.09,1020.91,1019.21,859951.0,1020.91
783,2015-03-11,550.68,558.14,551.18,555.14,1815763.0,551.18
782,2014-05-06,515.06,526.81,515.14,525.23,1684400.0,515.14
781,2016-03-09,694.0,705.68,705.24,698.47,1421515.0,705.24
780,2015-07-09,520.35,523.77,520.68,523.12,1842347.0,520.68
779,2015-07-20,653.01,668.88,663.02,659.24,5860872.0,663.02
778,2015-06-04,534.32,540.59,536.7,537.76,1348337.0,536.7
777,2017-04-20,839.32,845.2,841.65,841.44,959031.0,841.65
776,2015-07-02,521.08,524.65,523.4,521.08,1235903.0,523.4
775,2015-01-20,506.016,512.5,506.9,511.0,2225922.0,506.9
774,2017-05-22,935.0,941.883,941.86,935.0,1092176.0,941.86
773,2016-01-26,706.48,718.28,713.04,713.85,1331691.0,713.04
772,2015-05-01,532.1,539.54,537.9,538.43,1768181.0,537.9
771,2016-05-27,724.0,733.936,732.66,724.01,1974962.0,732.66
770,2016-04-27,692.3651,708.98,705.84,707.29,3098587.0,705.84
769,2014-10-16,515.0,529.43,524.51,519.0,3698423.0,524.51
768,2015-07-14,546.71,565.8487,561.1,546.76,3244066.0,561.1
767,2016-10-27,791.5,803.49,795.35,801.0,2749221.0,795.35
766,2017-08-04,923.03,930.307,927.96,926.75,1019159.0,927.96
765,2016-01-14,689.1,721.925,714.72,705.38,2225768.0,714.72
764,2016-10-25,805.14,816.68,807.67,816.68,1576404.0,807.67
763,2014-05-05,521.32,528.9,527.81,524.82,1021300.0,527.81
762,2014-12-02,529.8,535.5,533.75,533.51,1522481.0,533.75
761,2017-07-31,926.04,943.59,930.5,941.89,1952716.0,930.5
760,2014-04-11,526.53,540.0,530.6,532.55,3914100.0,530.6
759,2014-06-27,573.8,579.87,577.24,577.18,2230800.0,577.24
758,2016-01-25,710.01,729.68,711.67,723.58,1711716.0,711.67
757,2017-05-16,937.58,943.11,943.0,940.0,956692.0,943.0
756,2016-12-07,755.8,771.36,771.19,761.0,1760966.0,771.19
755,2016-09-15,759.96,773.8,771.76,762.89,1346751.0,771.76
754,2015-04-23,540.23,550.96,547.0,541.0,4173376.0,547.0
753,2017-12-22,1059.44,1064.2,1060.12,1061.11,734566.0,1060.12
752,2017-07-18,950.6,968.04,965.4,953.0,1131130.0,965.4
751,2017-12-12,1033.69,1050.31,1040.48,1039.63,1269883.0,1040.48
750,2014-12-30,527.13,531.15,530.42,528.09,873923.0,530.42
749,2018-08-06,1215.8,1226.09,1224.77,1225.0,1081723.0,1224.77
748,2015-06-03,537.11,543.5,540.31,539.91,1717036.0,540.31
747,2016-02-18,696.03,712.35,697.35,710.0,1883248.0,697.35
746,2015-10-01,599.85,612.09,611.29,608.37,1867601.0,611.29
745,2014-07-22,590.6,599.65,594.74,590.72,1694500.0,594.74
744,2017-09-18,910.6,922.08,915.0,920.01,1263456.0,915.0
743,2015-04-24,557.25,571.14,565.06,566.1,4919031.0,565.06
742,2016-07-21,735.831,741.69,738.63,740.36,1026306.0,738.63
741,2015-04-10,537.31,542.29,540.01,542.29,1405574.0,540.01
740,2017-10-06,963.36,979.46,978.89,966.7,1142699.0,978.89
739,2014-09-04,579.22,586.0,581.98,580.0,1454200.0,581.98
738,2015-09-01,594.1,612.86,597.79,602.36,3702105.0,597.79
737,2015-07-17,645.0,674.468,672.93,649.0,11164943.0,672.93
736,2017-04-03,829.22,840.85,838.55,829.22,1671503.0,838.55
735,2016-09-16,764.66,769.75,768.88,769.75,2049338.0,768.88
734,2016-04-04,742.43,752.8,745.29,750.06,1134390.0,745.29
733,2015-04-01,539.5,551.14,542.56,548.6,1957718.0,542.56
732,2017-02-27,824.0,830.5,829.28,824.55,1101466.0,829.28
731,2015-10-26,701.26,719.15,712.78,701.55,2716615.0,712.78
730,2015-08-24,565.05,614.0,589.61,573.0,5770302.0,589.61
729,2018-06-28,1096.01,1122.31,1114.22,1102.09,1072438.0,1114.22
728,2018-04-06,1003.03,1031.42,1007.04,1020.0,1746430.0,1007.04
727,2016-12-08,767.23,778.18,776.42,772.48,1488059.0,776.42
726,2014-07-15,576.56,585.8045,584.78,585.74,1618600.0,584.78
725,2015-12-02,758.96,775.955,762.38,768.9,2230373.0,762.38
724,2018-04-16,1026.74,1043.24,1037.98,1037.0,1211208.0,1037.98
723,2017-06-06,975.14,988.25,976.57,983.16,1796904.0,976.57
722,2017-09-06,919.27,930.915,927.81,930.15,1468808.0,927.81
721,2015-09-03,602.8213,619.71,606.25,617.0,1759572.0,606.25
720,2016-03-08,685.34,703.79,693.97,688.59,2058471.0,693.97
719,2014-05-14,525.29,533.0,526.65,533.0,1188500.0,526.65
718,2015-12-23,744.0,754.21,750.31,753.47,1566726.0,750.31
717,2017-11-24,1035.0,1043.18,1040.61,1035.87,536958.0,1040.61
716,2017-11-21,1022.655,1035.11,1034.49,1023.31,1083715.0,1034.49
715,2015-11-25,746.06,752.0,748.15,748.14,1122224.0,748.15
714,2014-06-16,541.52,549.62,544.28,549.26,1697900.0,544.28
713,2014-05-02,525.61,533.9999,527.93,533.76,1683900.0,527.93
712,2014-04-02,562.19,604.83,567.0,565.106,146700.0,567.0
711,2016-03-04,706.02,716.49,710.89,714.99,1972077.0,710.89
710,2016-12-27,787.657,797.86,791.55,790.68,789321.0,791.55
709,2017-09-26,921.14,930.82,924.86,923.72,1652848.0,924.86
708,2014-09-15,568.21,574.95,573.1,572.94,1593200.0,573.1
707,2016-09-22,778.44,789.85,787.21,780.0,1486223.0,787.21
706,2015-01-30,515.52,539.87,534.52,515.86,5590977.0,534.52
705,2018-07-12,1155.93,1184.41,1183.48,1159.89,1251884.0,1183.48
704,2016-09-23,784.15,788.93,786.9,786.59,1411937.0,786.9
703,2016-09-13,755.8,766.2195,759.69,764.48,1395046.0,759.69
702,2014-06-03,542.55,552.34,544.94,550.99,1861500.0,544.94
701,2016-06-17,688.4515,708.82,691.72,708.65,3402357.0,691.72
700,2017-03-20,845.15,850.22,848.4,850.01,1231521.0,848.4
699,2016-04-22,713.61,736.12,718.77,726.3,5951938.0,718.77
698,2016-04-12,731.01,743.83,743.09,738.0,1352992.0,743.09
697,2014-06-10,557.9,563.6,560.55,560.51,1348000.0,560.55
696,2014-10-22,528.8,539.8,532.71,529.89,2917183.0,532.71
695,2016-02-17,691.38,709.75,708.4,699.0,2492634.0,708.4
694,2016-05-02,691.0,700.64,698.21,697.63,1645265.0,698.21
693,2014-12-12,518.66,528.5,518.66,523.51,1989117.0,518.66
692,2017-01-05,785.02,794.48,794.02,786.08,1335167.0,794.02
691,2014-10-06,574.44,581.0,577.35,578.8,1211320.0,577.35
690,2016-11-01,775.54,789.49,783.61,782.89,2406356.0,783.61
689,2017-06-20,950.01,961.62,950.63,957.52,1111840.0,950.63
688,2016-12-29,778.92,785.93,782.79,783.33,744272.0,782.79
687,2018-05-07,1047.1,1061.68,1054.79,1049.23,1466065.0,1054.79
686,2014-10-23,535.85,547.22,543.98,539.32,2345296.0,543.98
685,2014-04-24,522.12,531.65,525.16,530.07,1878000.0,525.16
684,2016-12-02,743.1,754.0,750.5,744.59,1452484.0,750.5
683,2015-12-22,745.53,754.85,750.0,751.65,1365520.0,750.0
682,2017-11-03,1020.31,1032.65,1032.48,1022.11,1058037.0,1032.48
681,2014-07-21,585.2326,594.4,589.47,591.75,2056500.0,589.47
680,2015-12-14,724.17,748.73,747.77,741.79,2421236.0,747.77
679,2016-05-17,704.11,721.52,706.23,715.99,2001225.0,706.23
678,2017-01-30,799.8,815.84,802.32,814.66,3246573.0,802.32
677,2018-03-09,1132.46,1160.8,1160.04,1136.0,2074952.0,1160.04
676,2014-04-15,518.4601,538.45,536.44,536.82,3844500.0,536.44
675,2018-03-16,1131.96,1155.88,1135.73,1154.14,2560277.0,1135.73
674,2016-04-26,703.0264,725.766,708.14,725.42,2744587.0,708.14
673,2016-06-13,716.51,725.44,718.36,716.51,1258930.0,718.36
672,2018-05-24,1066.15,1080.47,1079.24,1079.0,766773.0,1079.24
671,2015-05-05,530.3906,539.74,530.8,538.21,1383068.0,530.8
670,2017-12-13,1038.38,1046.66,1040.61,1046.12,1207286.0,1040.61
669,2015-06-24,535.66,540.0,537.84,540.0,1286608.0,537.84
668,2015-11-12,728.645,737.8,731.23,731.0,1837154.0,731.23
667,2014-11-10,541.02,549.59,547.49,541.46,1131546.0,547.49
666,2017-10-26,972.2,987.6,972.56,980.0,1660850.0,972.56
665,2015-04-16,529.61,535.59,533.8,529.9,1296304.0,533.8
664,2018-02-13,1044.09,1058.37,1052.1,1045.0,1209341.0,1052.1
663,2018-06-06,1125.74,1143.0,1136.88,1142.17,1698247.0,1136.88
662,2016-06-29,681.41,687.4292,684.11,683.0,1932561.0,684.11
661,2016-01-06,728.92,747.18,743.62,730.0,1947034.0,743.62
660,2017-04-19,836.29,842.22,838.21,839.79,954330.0,838.21
659,2018-02-23,1104.71,1127.28,1126.79,1112.64,1158377.0,1126.79
658,2018-04-27,1025.59,1049.5,1030.05,1046.0,1619796.0,1030.05
657,2018-02-08,1000.66,1058.62,1001.52,1055.41,2720942.0,1001.52
656,2017-05-23,942.575,951.467,948.82,947.92,1259285.0,948.82
655,2016-10-06,775.54,780.48,776.86,779.0,1070692.0,776.86
654,2018-02-01,1157.52,1174.0,1167.7,1162.61,1974700.0,1167.7
653,2014-04-08,541.61,555.0,554.9,542.6,3142600.0,554.9
652,2014-08-06,560.0,570.7,566.374,561.78,1330700.0,566.374
651,2014-05-09,504.2,519.9,518.73,510.75,2432800.0,518.73
650,2015-04-22,531.75,541.08,539.365,534.4,1589248.0,539.365
649,2017-12-29,1044.9,1049.7,1046.4,1046.72,867943.0,1046.4
648,2017-11-02,1013.01,1028.09,1025.58,1021.76,1008190.0,1025.58
647,2014-11-05,544.05,556.8,545.92,556.8,2026740.0,545.92
646,2016-07-19,729.0,736.99,736.96,729.89,1227486.0,736.96
645,2017-06-09,935.63,984.5,949.83,984.5,3270248.0,949.83
644,2014-08-04,564.1,575.35,573.15,569.04,1423400.0,573.15
643,2016-06-08,720.58,728.57,728.28,723.96,1583701.0,728.28
642,2016-01-28,712.35,733.69,730.96,722.22,2676397.0,730.96
641,2015-11-24,737.63,755.279,748.28,752.0,2334197.0,748.28
640,2017-06-19,949.05,959.99,957.37,949.96,1494191.0,957.37
639,2018-02-06,1023.14,1081.71,1080.6,1027.18,3360727.0,1080.6
638,2016-05-26,720.28,728.33,724.12,722.87,1576286.0,724.12
637,2016-04-28,689.55,714.17,691.02,708.26,2867255.0,691.02
636,2017-03-27,803.37,821.63,819.51,806.95,1894990.0,819.51
635,2015-09-11,617.42,625.78,625.77,619.75,1373545.0,625.77
634,2016-08-12,780.4,783.395,783.22,781.5,740498.0,783.22
633,2016-11-29,768.24,778.5,770.84,771.53,1616618.0,770.84
632,2014-07-07,579.59,586.4299,582.25,583.76,1061700.0,582.25
631,2015-03-02,558.75,572.15,571.34,560.53,2123796.0,571.34
630,2015-11-13,716.73,731.15,717.0,729.17,2075504.0,717.0
629,2017-02-23,822.88,832.46,831.33,830.12,1472771.0,831.33
628,2017-02-16,818.98,824.4,824.16,819.93,1287626.0,824.16
627,2016-10-11,780.58,792.28,783.07,786.66,1372461.0,783.07
626,2017-09-13,929.86,937.25,935.09,930.66,1066051.0,935.09
625,2016-09-21,768.301,777.16,776.22,772.66,1167810.0,776.22
624,2018-04-09,1014.08,1039.6,1015.45,1016.8,1751559.0,1015.45
623,2015-05-12,525.26,533.2089,529.04,531.6,1634174.0,529.04
622,2017-05-03,912.543,928.1,927.04,914.86,1477329.0,927.04
621,2015-06-09,523.01,529.2,526.69,527.56,1455266.0,526.69
620,2017-01-17,800.37,807.14,804.61,807.08,1362115.0,804.61
619,2016-05-10,715.72,723.5,723.18,716.75,1569591.0,723.18
618,2018-05-02,1022.87,1040.39,1024.38,1028.1,1603081.0,1024.38
617,2017-08-21,903.4,913.0,906.66,910.0,932903.0,906.66
616,2018-05-30,1056.83,1069.21,1067.8,1063.03,1138457.0,1067.8
615,2016-03-29,728.76,747.25,744.77,734.59,1903758.0,744.77
614,2018-01-09,1101.23,1110.57,1106.26,1109.4,897400.0,1106.26
613,2017-05-15,929.34,938.25,937.08,932.95,1094283.0,937.08
612,2016-02-19,694.05,703.0805,700.91,695.03,1589281.0,700.91
611,2018-04-20,1069.57,1092.35,1072.96,1082.0,1889686.0,1072.96
610,2016-09-20,768.53,773.33,771.41,769.0,978631.0,771.41
609,2016-12-06,757.34,768.83,759.11,764.73,1690689.0,759.11
608,2014-10-29,546.98,554.19,549.33,550.0,1767107.0,549.33
607,2017-10-17,988.59,996.44,992.18,990.29,1266399.0,992.18
606,2016-03-21,733.5157,742.5,742.09,736.5,1836503.0,742.09
605,2016-06-24,673.45,689.4,675.22,675.17,4449022.0,675.22
604,2018-07-06,1120.74,1140.93,1140.17,1123.58,996079.0,1140.17
603,2014-10-03,572.5,577.225,575.28,573.05,1138636.0,575.28
602,2014-11-25,538.602,543.98,541.08,539.0,1784967.0,541.08
601,2018-05-03,1006.29,1029.67,1023.72,1019.0,1815058.0,1023.72
600,2014-04-16,540.0,557.0,556.54,543.0,4879900.0,556.54
599,2014-09-17,578.775,587.5199,584.77,580.01,1688200.0,584.77
598,2016-08-24,767.07,774.5,769.64,770.58,1071999.0,769.64
597,2014-06-12,548.46,557.99,551.35,557.3,1454500.0,551.35
596,2018-07-24,1235.56,1266.0,1248.08,1262.59,3318204.0,1248.08
595,2014-08-27,570.103,578.49,571.0,577.27,1698700.0,571.0
594,2016-10-13,773.0,781.22,778.19,781.22,1365277.0,778.19
593,2016-07-28,739.3,748.65,745.91,747.04,3530169.0,745.91
592,2016-03-14,725.15,735.5,730.49,726.81,1718252.0,730.49
591,2017-03-24,808.89,821.93,814.43,820.08,1981006.0,814.43
590,2018-03-27,996.92,1064.84,1005.1,1063.0,3029471.0,1005.1
589,2015-08-28,624.56,636.88,630.38,632.82,1978733.0,630.38
588,2016-02-29,697.68,710.89,697.77,700.32,2481145.0,697.77
587,2016-07-08,696.435,705.71,705.63,699.5,1575166.0,705.63
586,2015-02-10,526.92,537.7,536.94,529.3,1745076.0,536.94
585,2016-04-14,752.705,757.31,753.2,754.01,1135271.0,753.2
584,2017-07-27,920.0,951.78,934.09,951.78,3095263.0,934.09
583,2014-05-22,540.78,547.5999,545.06,541.13,1611400.0,545.06
582,2015-12-28,749.52,762.99,762.51,752.92,1515716.0,762.51
581,2015-06-25,535.23,540.9,535.23,538.87,1335697.0,535.23
580,2017-05-04,924.59,935.93,931.66,926.07,1405844.0,931.66
579,2015-01-13,492.39,502.98,496.18,498.84,2365687.0,496.18
578,2018-05-09,1056.37,1085.44,1082.76,1058.1,2032818.0,1082.76
577,2017-06-01,960.01,971.5,966.95,968.95,1403200.0,966.95
576,2018-04-30,1016.85,1037.0,1017.33,1030.01,1671254.0,1017.33
575,2015-01-21,506.2,519.28,518.04,507.25,2262455.0,518.04
574,2017-11-10,1025.28,1030.76,1028.07,1026.46,719227.0,1028.07
573,2017-02-15,818.47,823.0,818.98,819.36,1313617.0,818.98
572,2015-12-15,743.01,758.08,743.4,753.0,2666229.0,743.4
571,2018-04-26,1018.19,1047.98,1040.04,1029.51,2079533.0,1040.04
570,2017-09-12,923.861,933.48,932.07,932.59,1120449.0,932.07
569,2017-11-09,1019.666,1033.99,1031.26,1033.99,1236903.0,1031.26
568,2016-08-08,778.091,782.63,781.76,782.0,1107857.0,781.76
567,2016-03-17,736.0,743.07,737.78,736.45,1860834.0,737.78
566,2018-08-08,1238.01,1256.5,1245.61,1240.47,1369593.0,1245.61
565,2016-10-20,796.03,803.97,796.97,803.3,1757528.0,796.97
564,2015-11-27,747.49,753.41,750.26,748.46,838528.0,750.26
563,2014-04-04,543.0,577.77,543.14,574.65,6351900.0,543.14
562,2015-09-14,619.43,625.86,623.24,625.7,1702271.0,623.24
561,2018-07-20,1184.22,1196.86,1184.91,1186.96,1248400.0,1184.91
560,2015-02-06,526.41,537.2,531.0,527.64,1758650.0,531.0
559,2015-02-26,541.5,556.14,555.48,543.21,2305219.0,555.48
558,2014-10-20,508.1,521.76,520.84,509.45,2605505.0,520.84
557,2018-03-06,1089.78,1101.85,1095.06,1099.22,1532783.0,1095.06
556,2016-04-11,736.05,745.0,736.1,743.02,1220088.0,736.1
555,2015-03-19,556.145,560.8,557.99,559.39,1194049.0,557.99
554,2014-11-04,549.3,555.5,554.11,553.0,1240761.0,554.11
553,2014-10-31,554.75,559.57,559.08,559.35,2032887.0,559.08
552,2017-01-18,800.99,806.205,806.07,805.81,1294407.0,806.07
551,2018-03-28,980.64,1024.23,1004.56,998.0,3369275.0,1004.56
550,2017-08-09,917.25,925.98,922.9,920.61,1169431.0,922.9
549,2014-11-17,534.061,543.79,536.51,543.58,1721282.0,536.51
548,2016-02-22,702.51,713.24,706.46,707.45,1949816.0,706.46
547,2018-04-02,990.37,1034.8,1006.47,1022.82,2680400.0,1006.47
546,2016-12-16,790.29,800.8558,790.8,800.4,2443796.0,790.8
545,2014-08-20,582.57,586.7,584.49,585.88,1033900.0,584.49
544,2018-03-07,1085.48,1112.22,1109.64,1089.19,1292537.0,1109.64
543,2017-01-11,801.37,808.15,807.91,805.0,1065936.0,807.91
542,2018-06-25,1112.78,1143.91,1124.81,1143.6,2157310.0,1124.81
541,2017-10-05,955.18,970.91,969.96,955.49,1202101.0,969.96
540,2017-12-26,1050.2,1060.12,1056.74,1058.07,756324.0,1056.74
539,2015-09-17,635.02,650.9,642.9,637.79,2274690.0,642.9
538,2015-02-25,535.445,546.22,543.87,535.9,1821041.0,543.87
537,2014-11-11,546.3,551.9399,550.29,548.49,964866.0,550.29
536,2015-11-06,727.01,735.41,733.76,731.5,1511599.0,733.76
535,2016-12-13,793.34,804.3799,796.1,793.9,2145209.0,796.1
534,2015-02-24,528.25,536.79,536.09,530.0,1002393.0,536.09
533,2014-07-31,570.0,583.6499,571.6,580.6,2097000.0,571.6
532,2015-08-04,627.16,634.81,629.25,628.42,1490881.0,629.25
531,2017-09-28,940.55,950.69,949.5,941.36,959648.0,949.5
530,2016-09-30,774.09,780.94,777.29,776.33,1585333.0,777.29
529,2014-12-17,496.81,507.0,504.89,497.0,2875281.0,504.89
528,2017-12-08,1032.52,1042.05,1037.05,1037.49,1277894.0,1037.05
527,2016-08-22,770.0502,774.54,772.15,773.27,951362.0,772.15
526,2015-10-27,704.55,713.62,708.49,707.38,2245796.0,708.49
525,2015-08-06,632.25,645.379,642.68,645.0,1572600.0,642.68
524,2017-03-30,829.0,833.68,831.5,833.5,1055339.0,831.5
523,2016-01-15,685.37,706.74,694.45,692.29,3608109.0,694.45
522,2018-06-11,1118.6,1137.26,1129.99,1118.6,1079294.0,1129.99
521,2016-07-22,736.56,743.24,742.74,741.86,1259823.0,742.74
520,2015-05-08,536.0,541.15,538.22,536.65,1527615.0,538.22
519,2016-11-22,767.0,776.96,768.27,772.63,1593108.0,768.27
518,2017-01-19,801.8,809.48,802.175,805.12,919325.0,802.175
517,2018-01-23,1158.75,1171.63,1169.97,1159.85,1199326.0,1169.97
516,2014-12-01,531.86,541.41,533.8,538.9,2109599.0,533.8
515,2015-08-13,651.661,664.5,656.45,659.3225,1810749.0,656.45
514,2018-04-04,993.0,1028.72,1025.14,993.41,2484651.0,1025.14
513,2016-06-30,683.65,692.32,692.1,685.47,1597714.0,692.1
512,2018-04-05,1020.13,1042.79,1027.81,1041.33,1363049.0,1027.81
511,2014-08-25,579.0,585.0,580.2,584.72,1357700.0,580.2
510,2017-11-13,1022.57,1031.58,1025.75,1023.42,878969.0,1025.75
509,2016-05-16,705.65,718.48,716.49,709.13,1317069.0,716.49
508,2015-07-30,622.05,635.22,632.59,630.0,1474203.0,632.59
507,2015-02-11,533.3775,538.45,535.97,535.3,1373970.0,535.97
506,2015-10-28,703.08,712.98,712.95,707.33,2178917.0,712.95
505,2014-05-12,519.01,530.19,529.92,523.51,1907300.0,529.92
504,2015-02-17,541.09,550.0,542.84,546.83,1612439.0,542.84
503,2015-04-13,537.31,544.06,539.17,538.41,1640809.0,539.17
502,2018-05-11,1090.91,1101.33,1098.26,1093.6,1253665.0,1098.26
501,2016-11-14,727.54,757.85,736.08,755.6,3654385.0,736.08
500,2014-11-21,536.56,542.14,537.5,541.61,2218249.0,537.5
499,2014-05-23,543.7,553.64,552.7,547.26,1926900.0,552.7
498,2016-02-01,743.27,757.86,752.0,750.46,5139157.0,752.0
497,2016-02-04,701.86,727.0,708.01,722.81,5168709.0,708.01
496,2015-10-22,644.01,657.8,651.79,646.7,4070954.0,651.79
495,2015-04-27,553.2001,565.95,555.37,563.39,2398039.0,555.37
494,2016-08-10,782.778,786.8123,784.68,783.75,786363.0,784.68
493,2015-05-18,528.85,534.82,532.3,532.01,2003421.0,532.3
492,2015-07-23,641.0,663.63,644.28,661.27,3029109.0,644.28
491,2015-05-11,535.4,541.98,535.7,538.37,905285.0,535.7
490,2018-05-15,1073.47,1090.05,1079.23,1090.0,1494872.0,1079.23
489,2017-01-12,799.17,807.39,806.36,807.14,1353057.0,806.36
488,2017-05-31,960.18,979.27,964.86,975.02,2426589.0,964.86
487,2014-07-14,578.03,585.21,584.87,582.6,1849000.0,584.87
486,2015-05-19,533.04,540.66,537.36,533.98,1966947.0,537.36
485,2015-01-09,494.79,504.92,496.17,504.76,2054956.0,496.17
484,2017-05-18,918.75,933.17,930.24,921.0,1586465.0,930.24
483,2015-04-09,535.49,541.95,540.78,541.03,1553586.0,540.78
482,2018-03-13,1133.33,1176.76,1138.17,1170.0,1808098.0,1138.17
481,2017-12-07,1018.07,1034.24,1030.93,1020.43,1387107.0,1030.93
480,2014-03-28,558.67,566.43,559.99,561.2,41100.0,559.99
479,2018-03-29,1002.9,1043.0,1031.79,1011.63,2726830.0,1031.79
478,2018-01-31,1159.13,1173.0,1169.94,1170.57,1486793.0,1169.94
477,2016-12-20,793.27,798.65,796.42,796.76,951014.0,796.42
476,2014-09-12,574.46,581.64,575.62,581.0,1597300.0,575.62
475,2017-04-11,817.02,827.427,823.35,824.71,1079732.0,823.35
474,2016-07-25,737.5,742.61,739.77,740.67,1032432.0,739.77
473,2018-08-07,1236.17,1251.17,1242.22,1237.0,1493980.0,1242.22
472,2018-05-01,1008.21,1038.47,1037.31,1013.66,1427857.0,1037.31
471,2016-11-10,752.18,791.17,762.56,791.17,4745183.0,762.56
470,2018-06-05,1133.19,1145.74,1139.66,1140.99,1677973.0,1139.66
469,2014-09-18,585.0,589.54,589.27,587.0,1440600.0,589.27
468,2015-12-01,746.7,768.95,767.04,747.11,2134621.0,767.04
467,2016-01-22,720.121,728.13,725.25,723.6,2011797.0,725.25
466,2016-06-21,692.01,702.77,695.94,698.4,1465634.0,695.94
465,2017-02-17,821.655,828.07,828.07,823.02,1611039.0,828.07
464,2014-06-30,574.75,579.57,575.28,578.66,1310200.0,575.28
463,2017-09-25,909.7,926.4,920.97,925.45,1822881.0,920.97
462,2014-08-29,567.0692,572.04,571.6,571.33,1080800.0,571.6
461,2015-10-23,701.5,730.0,702.0,727.5,6653923.0,702.0
460,2015-03-25,558.74,572.26,558.785,570.5,2146384.0,558.785
459,2014-12-22,516.08,526.46,524.87,516.08,2723599.0,524.87
458,2015-04-17,521.01,529.84,524.05,528.66,2145955.0,524.05
457,2018-06-13,1133.38,1146.5,1134.79,1141.12,1506407.0,1134.79
456,2018-02-22,1102.59,1122.82,1106.63,1116.19,1306276.0,1106.63
455,2014-07-30,584.0,589.5,587.42,586.55,1013700.0,587.42
454,2016-02-25,690.585,705.98,705.75,700.01,1642166.0,705.75
453,2017-11-01,1016.95,1029.67,1025.5,1017.21,1360900.0,1025.5
452,2018-03-15,1134.54,1161.08,1149.58,1149.96,1392521.0,1149.58
451,2014-04-14,529.561,544.1,532.52,538.25,2568000.0,532.52
450,2015-03-20,559.05,561.72,560.36,561.65,2609690.0,560.36
449,2018-02-16,1088.31,1104.67,1094.8,1088.41,1664969.0,1094.8
448,2016-03-03,706.02,719.45,712.42,718.68,1957974.0,712.42
447,2016-10-07,770.75,779.66,775.08,779.66,933158.0,775.08
446,2016-09-28,774.97,781.81,781.56,777.85,1109834.0,781.56
445,2018-03-05,1069.0,1097.1,1090.93,1075.14,1202174.0,1090.93
444,2018-08-03,1215.06,1230.0,1223.71,1229.62,1089896.0,1223.71
443,2017-03-29,822.3801,832.765,831.41,825.0,1786321.0,831.41
442,2017-02-03,800.37,806.0,801.49,802.99,1463448.0,801.49
441,2018-08-01,1210.21,1233.47,1220.01,1228.0,1567264.0,1220.01
440,2015-03-09,563.535,570.27,568.85,566.86,1059336.0,568.85
439,2018-07-11,1141.0,1164.29,1153.9,1144.59,1119993.0,1153.9
438,2017-06-12,915.233,949.355,942.9,939.56,3731589.0,942.9
437,2016-10-26,796.32,806.98,799.07,806.34,1647733.0,799.07
436,2018-03-20,1083.46,1105.2,1097.71,1099.0,1783872.0,1097.71
435,2016-09-14,759.11,767.68,762.49,759.61,1094490.0,762.49
434,2015-04-29,546.905,553.68,549.08,550.47,1698761.0,549.08
433,2017-02-01,791.19,801.19,795.695,799.68,2029744.0,795.695
432,2015-12-03,745.63,768.995,752.54,766.01,2590641.0,752.54
431,2017-03-16,846.13,850.85,848.78,849.03,977560.0,848.78
430,2017-11-29,1015.65,1044.08,1021.66,1042.68,2438875.0,1021.66
429,2015-02-09,526.02,532.0,527.83,528.0,1264276.0,527.83
428,2017-09-07,923.62,936.41,935.95,931.73,1200257.0,935.95
427,2015-04-15,523.22,534.73,532.53,528.7,2312512.0,532.53
426,2016-05-11,712.8,724.48,715.29,723.41,1692063.0,715.29
425,2016-08-04,768.795,774.07,771.61,772.22,1140254.0,771.61
424,2017-03-15,840.77,848.63,847.2,847.59,1381474.0,847.2
423,2018-05-14,1099.11,1110.75,1100.2,1100.0,1518077.0,1100.2
422,2015-09-08,604.12,616.31,614.66,612.49,2279538.0,614.66
421,2018-02-14,1046.75,1071.72,1069.7,1048.95,1515444.0,1069.7
420,2018-06-12,1130.73,1139.79,1139.32,1131.07,912018.0,1139.32
419,2014-04-30,522.52,528.0,526.66,527.6,1746400.0,526.66
418,2017-10-02,947.84,962.54,953.27,959.98,1222026.0,953.27
417,2017-05-01,901.45,915.68,912.57,901.94,2100457.0,912.57
416,2014-04-01,558.71,568.45,567.16,558.71,7900.0,567.16
415,2014-11-12,545.17,550.46,547.31,550.39,1126594.0,547.31
414,2017-06-22,954.55,960.72,957.09,958.7,940373.0,957.09
413,2015-05-15,530.38,539.2743,533.85,539.18,1971343.0,533.85
412,2018-07-10,1149.59,1159.59,1152.84,1156.98,798412.0,1152.84
411,2015-05-26,529.88,539.0,532.32,538.12,2406512.0,532.32
410,2015-07-10,525.55,532.56,530.13,526.29,1956682.0,530.13
409,2016-02-11,668.8675,689.35,683.11,675.0,3024043.0,683.11
408,2017-07-28,927.5,943.83,941.53,929.4,1775076.0,941.53
407,2017-03-06,822.4,828.88,827.78,826.95,1109037.0,827.78
406,2017-04-05,830.72,842.45,831.41,835.51,1555328.0,831.41
405,2014-08-19,584.0,587.34,586.86,585.0,976000.0,586.86
404,2015-12-29,766.43,779.98,776.6,766.69,1765012.0,776.6
403,2017-12-18,1062.0,1078.49,1077.14,1066.08,1531522.0,1077.14
402,2015-03-16,546.0,556.85,554.51,550.95,1636493.0,554.51
401,2014-10-01,567.01,577.5799,568.27,576.01,1445027.0,568.27
400,2016-12-12,784.3554,791.25,789.27,785.04,2104117.0,789.27
399,2014-09-29,571.17,578.19,576.36,571.75,1281204.0,576.36
398,2014-10-21,519.11,526.79,526.54,525.19,2332531.0,526.54
397,2015-01-05,513.06,524.33,513.87,523.26,2054238.0,513.87
396,2014-04-29,516.32,529.46,527.7,516.9,2691700.0,527.7
395,2016-08-19,773.13,777.1,775.42,775.0,861546.0,775.42
394,2014-11-26,537.042,541.55,540.37,540.88,1519503.0,540.37
393,2018-03-01,1067.0,1110.12,1069.52,1107.87,2515910.0,1069.52
392,2018-07-19,1183.32,1200.0,1186.96,1191.0,1276667.0,1186.96
391,2017-05-10,925.16,932.0,928.78,931.98,1170055.0,928.78
390,2014-09-30,572.85,579.85,577.36,576.93,1618437.0,577.36
389,2017-06-08,977.2,984.57,983.41,982.35,1451232.0,983.41
388,2018-04-11,1015.87,1031.36,1019.97,1027.99,1483881.0,1019.97
387,2018-07-25,1239.13,1265.86,1263.7,1239.13,2139999.0,1263.7
386,2016-09-07,776.2,782.73,780.35,780.0,894021.0,780.35
385,2017-12-21,1061.79,1069.33,1063.63,1064.95,974594.0,1063.63
384,2018-07-03,1100.02,1135.82,1102.89,1135.82,679034.0,1102.89
383,2017-01-09,802.83,809.9664,806.65,806.4,1274645.0,806.65
382,2017-04-13,821.44,826.38,823.56,822.14,1122362.0,823.56
381,2015-06-30,520.5,526.25,520.51,526.02,2235595.0,520.51
380,2017-11-22,1031.43,1039.706,1035.96,1035.0,716661.0,1035.96
379,2015-02-19,538.01,543.11,542.87,538.04,987478.0,542.87
378,2016-03-10,703.36,716.44,712.82,708.12,2833525.0,712.82
377,2015-12-21,740.0,750.0,747.77,746.13,1525703.0,747.77
376,2016-09-27,774.308,785.9899,783.01,775.5,1153247.0,783.01
375,2016-12-15,792.92,803.0,797.85,797.34,1626499.0,797.85
374,2016-01-12,717.3165,728.75,726.07,721.68,2024509.0,726.07
373,2016-11-16,750.51,766.36,764.48,755.2,1472594.0,764.48
372,2016-08-15,780.11,787.49,782.44,783.75,938186.0,782.44
371,2015-10-02,603.13,627.34,626.91,607.2,2684805.0,626.91
370,2016-06-02,724.17,733.02,730.4,732.5,1341807.0,730.4
369,2016-02-09,668.77,699.9,678.11,672.32,3608914.0,678.11
368,2017-08-18,907.154,915.275,910.67,910.31,1333572.0,910.67
367,2017-10-31,1010.42,1024.0,1016.64,1015.22,1324961.0,1016.64
366,2016-01-05,738.64,752.0,742.58,746.45,1950691.0,742.58
365,2018-07-13,1180.0,1195.42,1188.82,1185.0,1222072.0,1188.82
364,2014-08-21,581.14,584.5,583.37,583.82,912300.0,583.37
363,2015-06-22,537.53,543.74,538.19,539.59,1250282.0,538.19
362,2017-05-02,909.453,920.77,916.44,909.62,1520766.0,916.44
361,2018-01-11,1099.59,1106.53,1105.52,1106.3,962696.0,1105.52
360,2017-06-14,942.25,961.15,950.76,959.92,1477033.0,950.76
359,2015-02-03,523.26,533.4,529.24,528.0,2033085.0,529.24
358,2017-04-24,849.86,863.45,862.76,851.2,1371581.0,862.76
357,2016-10-31,784.0,796.86,784.54,795.47,2427284.0,784.54
356,2016-06-01,730.66,737.21,734.15,734.53,1253593.0,734.15
355,2017-03-28,814.027,825.99,820.92,820.41,1620542.0,820.92
354,2016-03-23,736.15,745.7199,738.06,742.36,1432099.0,738.06
353,2017-10-23,966.12,989.52,968.45,989.52,1431886.0,968.45
352,2015-05-14,532.41,539.0,538.4,533.77,1403935.0,538.4
351,2017-02-10,809.78,815.25,813.67,811.7,1134976.0,813.67
350,2016-12-30,770.41,782.78,771.82,782.75,1769950.0,771.82
349,2018-04-25,1015.31,1032.49,1021.18,1025.52,2391105.0,1021.18
348,2017-09-14,924.0,932.77,925.11,931.25,1389012.0,925.11
347,2018-06-04,1122.01,1141.89,1139.29,1122.33,1889579.0,1139.29
346,2015-03-06,566.76,576.6799,567.685,574.88,1654561.0,567.685
345,2015-12-11,736.75,745.71,738.87,741.16,2224410.0,738.87
344,2017-09-21,923.83,936.53,932.45,933.0,1207656.0,932.45
343,2017-08-24,915.5,930.84,921.28,928.66,1218875.0,921.28
342,2018-07-09,1143.42,1154.67,1154.05,1148.48,908969.0,1154.05
341,2015-12-04,750.0,768.49,766.81,753.1,2757283.0,766.81
340,2015-01-23,533.0,542.17,539.95,535.59,2275485.0,539.95
339,2017-04-25,862.81,875.0,872.3,865.0,1654161.0,872.3
338,2016-11-25,760.52,765.0,761.68,764.26,587421.0,761.68
337,2018-07-23,1181.0,1206.49,1205.5,1181.01,2619234.0,1205.5
336,2014-07-24,591.77,599.5,593.35,596.45,1032300.0,593.35
335,2015-08-03,625.34,633.0556,631.21,625.34,1304511.0,631.21
334,2016-05-05,695.72,702.3199,701.43,697.7,1683507.0,701.43
333,2017-01-04,783.16,791.34,786.9,788.36,1072958.0,786.9
332,2015-07-22,659.0,678.64,662.1,660.89,3929309.0,662.1
331,2016-12-09,779.021,789.43,789.29,780.0,1821914.0,789.29
330,2017-08-15,919.82,926.55,922.22,924.23,873070.0,922.22
329,2017-05-19,931.0,937.755,934.01,931.47,1382221.0,934.01
328,2015-08-19,654.19,667.0,660.9,656.6,2134098.0,660.9
327,2015-11-05,729.47,739.48,731.25,729.47,1861550.0,731.25
326,2015-09-25,611.0,629.77,611.97,629.77,2174009.0,611.97
325,2017-09-08,924.88,936.99,926.5,936.49,993832.0,926.5
324,2016-11-30,754.83,772.99,758.04,770.07,2392890.0,758.04
323,2017-06-28,916.0,942.75,940.49,929.0,2712222.0,940.49
322,2017-06-26,950.79,973.31,952.27,969.9,1581031.0,952.27
321,2016-07-18,721.19,736.13,733.78,722.71,1295476.0,733.78
320,2018-07-17,1170.6,1203.04,1198.8,1172.22,1610353.0,1198.8
319,2016-10-28,793.59,815.49,795.37,808.35,4269902.0,795.37
318,2014-04-28,502.8,518.6,517.15,517.18,3326400.0,517.15
317,2016-11-23,755.25,768.2825,760.99,767.73,1478417.0,760.99
316,2015-08-11,654.27,674.9,660.78,669.2,5029203.0,660.78
315,2018-07-02,1093.8,1128.0,1127.46,1099.0,1217311.0,1127.46
314,2016-03-18,731.83,742.0,737.6,741.86,2980709.0,737.6
313,2015-05-28,536.25,540.61,539.78,538.01,1029849.0,539.78
312,2015-10-20,644.195,664.7197,650.28,664.04,2498215.0,650.28
311,2016-01-27,694.39,718.235,699.99,713.67,2194227.0,699.99
310,2014-10-09,559.06,571.49,560.88,571.18,2519693.0,560.88
309,2015-07-31,625.5,632.91,625.61,631.38,1706149.0,625.61
308,2018-04-19,1068.18,1094.16,1087.7,1069.4,1747671.0,1087.7
307,2015-03-24,561.21,574.59,570.19,562.56,2576234.0,570.19
306,2014-08-08,560.35,570.25,568.77,563.56,1490700.0,568.77
305,2018-03-14,1141.44,1158.59,1149.49,1145.21,1192615.0,1149.49
304,2015-05-21,535.98,543.8399,542.51,537.95,1462695.0,542.51
303,2016-08-09,780.57,788.94,784.26,781.1,1318894.0,784.26
302,2017-11-28,1040.0,1062.38,1047.41,1055.09,1341000.0,1047.41
301,2014-05-20,526.3,536.23,529.77,529.74,1779900.0,529.77
300,2017-08-07,926.5,931.7,929.36,929.06,1012296.0,929.36
299,2016-09-09,759.66,773.245,759.66,770.1,1885496.0,759.66
298,2018-05-23,1061.71,1080.78,1079.69,1065.13,1060683.0,1079.69
297,2018-06-29,1115.0,1128.23,1115.65,1120.0,1315121.0,1115.65
296,2017-10-04,950.69,960.39,951.68,957.0,881380.0,951.68
295,2016-01-20,673.26,706.85,698.45,688.61,3444962.0,698.45
294,2017-05-05,925.2,934.9,927.13,933.54,1904731.0,927.13
293,2015-08-25,581.11,617.45,582.06,614.91,3537966.0,582.06
292,2016-07-20,737.1,742.13,741.19,737.33,1289671.0,741.19
291,2015-12-07,755.09,768.73,763.25,767.77,1812314.0,763.25
290,2015-05-27,531.71,540.55,539.79,532.8,1525019.0,539.79
289,2018-06-18,1143.59,1174.31,1173.46,1143.65,1413692.0,1173.46
288,2015-08-31,617.68,635.8,618.25,627.54,2176737.0,618.25
287,2016-03-24,731.0,737.747,735.3,732.01,1594891.0,735.3
286,2016-08-02,767.85,775.84,771.07,768.69,1784525.0,771.07
285,2015-01-26,529.67,539.0,535.21,538.53,1539524.0,535.21
284,2016-04-05,735.37,742.8,737.8,738.0,1132294.0,737.8
283,2018-02-05,1052.03,1110.0,1055.8,1090.6,3336352.0,1055.8
282,2017-02-13,815.49,820.959,819.24,816.0,1213324.0,819.24
281,2018-04-17,1048.26,1077.88,1074.16,1051.37,2320266.0,1074.16
280,2016-03-30,748.74,757.88,750.53,750.1,1782427.0,750.53
279,2015-03-10,554.73,564.85,555.01,564.25,1787357.0,555.01
278,2018-05-16,1076.26,1089.27,1081.77,1077.31,1097317.0,1081.77
277,2015-06-16,525.56,529.6399,528.15,528.4,1071814.0,528.15
276,2017-09-05,921.96,937.0,928.45,933.08,1202163.0,928.45
275,2016-09-29,774.232,785.8,775.01,781.44,1314746.0,775.01
274,2015-01-29,501.2,511.09,510.66,511.0,4174924.0,510.66
273,2016-01-04,731.2577,744.06,741.84,743.0,3272776.0,741.84
272,2016-07-13,716.85,724.0,716.98,723.62,935876.0,716.98
271,2017-05-25,955.47,972.629,969.54,957.33,1645873.0,969.54
270,2015-11-30,741.27,754.93,742.6,748.81,2097624.0,742.6
269,2016-05-19,696.8,706.0,700.32,702.36,1670234.0,700.32
268,2017-01-13,806.69,811.2244,807.88,807.48,1099215.0,807.88
267,2015-07-07,515.18,526.18,525.02,523.13,1597229.0,525.02
266,2015-08-14,652.66,659.855,657.12,655.01,1072061.0,657.12
265,2018-03-22,1045.91,1082.9,1049.08,1081.88,2580374.0,1049.08
264,2017-02-06,795.2501,801.67,801.34,799.7,1184483.0,801.34
263,2017-01-06,792.2041,807.9,806.15,795.26,1640170.0,806.15
262,2017-05-11,923.03,932.53,930.6,925.32,830838.0,930.6
261,2015-09-23,620.0,628.93,622.36,622.05,1470949.0,622.36
260,2016-12-19,786.27,797.66,794.2,790.22,1232087.0,794.2
259,2016-01-19,693.4101,709.98,701.79,703.3,2268078.0,701.79
258,2015-09-15,623.78,638.7,635.14,626.7,2084397.0,635.14
257,2017-09-15,916.36,926.49,920.29,924.66,2475031.0,920.29
256,2016-08-11,782.97,789.75,784.85,785.0,975113.0,784.85
255,2016-02-10,682.13,701.31,684.12,686.86,2638007.0,684.12
254,2018-07-05,1108.48,1127.5,1124.27,1110.53,1066685.0,1124.27
253,2017-12-06,1001.14,1024.97,1018.38,1001.5,1254837.0,1018.38
252,2014-05-21,531.91,539.1828,538.94,532.9,1193000.0,538.94
251,2015-06-17,525.1,530.98,529.26,529.37,1294216.0,529.26
250,2017-12-05,988.28,1020.61,1005.15,995.94,2023376.0,1005.15
249,2015-03-05,573.41,577.91,575.33,575.02,1385818.0,575.33
248,2014-07-10,565.01,576.59,571.1,565.91,1353000.0,571.1
247,2017-11-08,1028.45,1043.522,1039.85,1030.52,1088716.0,1039.85
246,2016-03-11,717.125,726.92,726.82,720.0,1970815.0,726.82
245,2017-06-27,926.85,948.29,927.33,942.46,2553771.0,927.33
244,2015-01-22,519.7,536.33,534.39,521.48,2669558.0,534.39
243,2017-09-29,951.51,959.786,959.11,952.0,1533133.0,959.11
242,2017-11-30,1015.0,1028.49,1021.41,1022.37,1722913.0,1021.41
241,2016-03-15,724.77,732.29,728.33,726.92,1720965.0,728.33
240,2018-01-22,1135.11,1159.88,1155.81,1137.49,1582504.0,1155.81
239,2018-01-08,1101.62,1111.27,1106.94,1102.23,1003098.0,1106.94
238,2015-12-09,737.001,764.23,751.61,759.17,2699990.0,751.61
237,2015-08-26,599.05,631.71,628.62,610.35,4235891.0,628.62
236,2017-06-30,908.31,926.05,908.73,926.05,2035931.0,908.73
235,2016-01-13,698.61,734.74,700.56,730.85,2501730.0,700.56
234,2017-04-28,905.77,916.85,905.96,910.66,3160585.0,905.96
233,2017-07-17,949.241,960.74,953.42,957.0,1141026.0,953.42
232,2016-04-20,750.01,758.1315,752.67,758.0,1529217.0,752.67
231,2014-08-01,562.85,575.9599,566.07,570.4,1949900.0,566.07
230,2018-07-18,1190.34,1204.5,1195.88,1196.56,1393606.0,1195.88
229,2015-11-09,719.43,734.71,724.89,730.2,2069807.0,724.89
228,2018-04-12,1021.43,1040.69,1032.51,1025.04,1359389.0,1032.51
227,2018-06-07,1116.52,1135.82,1123.86,1131.32,1520020.0,1123.86
226,2015-10-19,659.58,666.82,666.1,661.18,1477340.0,666.1
225,2015-04-02,533.8467,540.85,535.53,540.85,1711737.0,535.53
224,2017-06-16,931.595,942.04,939.78,940.0,2921393.0,939.78
223,2017-01-10,803.51,809.1299,804.79,807.86,1176780.0,804.79
222,2016-12-23,787.28,792.74,789.91,790.9,623944.0,789.91
221,2016-04-07,736.28,746.9999,740.28,745.37,1453185.0,740.28
220,2015-01-14,493.0,503.23,500.87,494.65,2229638.0,500.87
219,2016-04-06,735.56,746.24,745.69,735.77,1053713.0,745.69
218,2014-08-11,566.0,570.49,567.88,569.99,1211400.0,567.88
217,2014-07-02,580.39,585.4399,582.335,583.35,1053500.0,582.335
216,2016-10-19,797.635,804.63,801.56,798.86,1766798.0,801.56
215,2015-11-02,705.85,721.62,721.11,711.06,1886250.0,721.11
214,2016-10-04,772.89,778.71,776.43,776.03,1201350.0,776.43
213,2015-03-03,566.52,575.39,573.64,570.45,1700084.0,573.64
212,2017-06-15,924.44,943.339,942.31,933.97,2055953.0,942.31
211,2015-12-08,754.2,764.8,762.37,757.89,1829475.0,762.37
210,2015-02-18,537.51,545.49,539.7,541.4,1449089.0,539.7
209,2014-06-24,561.01,572.646,564.62,565.19,2201100.0,564.62
208,2017-12-28,1044.77,1054.75,1048.14,1051.6,829623.0,1048.14
207,2017-02-22,828.64,833.25,830.76,828.66,987248.0,830.76
206,2018-02-28,1103.24,1127.53,1104.73,1123.03,1858051.0,1104.73
205,2016-09-02,768.41,773.9199,771.46,773.01,1072658.0,771.46
204,2015-03-26,550.65,558.9,555.17,557.59,1568331.0,555.17
203,2014-07-08,566.135,579.5284,571.09,577.66,1904300.0,571.09
202,2016-12-14,794.01,804.0,797.07,797.4,1704150.0,797.07
201,2014-10-02,563.32,571.91,570.08,567.31,1175307.0,570.08
200,2015-02-02,518.55,533.0,528.48,531.73,2841976.0,528.48
199,2014-06-06,548.93,558.06,556.33,558.06,1732000.0,556.33
198,2018-01-29,1171.98,1186.89,1175.58,1176.48,1299218.0,1175.58
197,2014-03-31,556.93,567.0,556.97,566.89,10800.0,556.97
196,2015-10-29,710.01,718.26,716.92,710.5,1455965.0,716.92
195,2016-06-03,720.56,729.49,722.34,729.27,1226253.0,722.34
194,2016-04-18,757.3,768.05,766.61,760.46,1558848.0,766.61
193,2016-04-19,749.33,769.9,753.93,769.51,2030526.0,753.93
192,2015-09-09,609.6,626.52,612.72,621.22,1702094.0,612.72
191,2014-04-17,531.15,549.5,536.1,548.81,6790900.0,536.1
190,2018-06-15,1143.48,1153.42,1152.26,1148.86,2122476.0,1152.26
189,2016-05-06,698.1067,711.86,711.12,698.38,1829291.0,711.12
188,2016-10-17,777.5,785.85,779.96,779.8,1092973.0,779.96
187,2016-02-08,663.06,684.03,682.74,667.85,4247355.0,682.74
186,2017-02-24,824.2,829.0,828.64,827.73,1392202.0,828.64
185,2015-12-18,738.15,754.13,739.31,746.51,3148743.0,739.31
184,2018-03-12,1157.42,1177.05,1164.5,1163.85,2076306.0,1164.5
183,2015-04-28,550.366,556.02,553.68,554.64,1490983.0,553.68
182,2014-06-02,545.73,560.9,553.93,560.7,1431100.0,553.93
181,2017-12-20,1061.52,1073.38,1064.95,1071.78,1266115.0,1064.95
180,2015-11-16,711.33,729.49,728.96,715.6,1905893.0,728.96
179,2016-12-05,752.9,763.9,762.52,757.71,1394223.0,762.52
178,2017-07-10,919.59,930.38,928.8,921.77,1189085.0,928.8
177,2017-02-02,792.0,802.7,798.53,793.8,1532138.0,798.53
176,2016-03-28,732.5,738.99,733.53,736.79,1301327.0,733.53
175,2015-06-18,530.79,538.15,536.73,531.0,1833109.0,536.73
174,2017-10-11,972.25,990.71,989.25,973.72,1663731.0,989.25
173,2018-01-16,1117.83,1139.91,1121.76,1132.51,1539230.0,1121.76
172,2016-09-19,764.4406,774.0,765.7,772.42,1172824.0,765.7
171,2017-07-24,970.77,986.2,980.34,972.22,2634669.0,980.34
170,2017-07-20,961.51,975.9,968.15,975.0,1577103.0,968.15
169,2014-06-25,565.22,579.96,578.65,565.26,1964000.0,578.65
168,2014-09-10,576.94,583.5,583.1,581.5,974700.0,583.1
167,2017-04-06,826.46,836.39,827.88,832.4,1254433.0,827.88
166,2015-01-07,499.65,507.244,501.1,507.0,2059366.0,501.1
165,2016-08-01,761.09,780.43,772.88,761.09,2700470.0,772.88
164,2018-06-22,1147.26,1162.5,1155.48,1159.14,1310967.0,1155.48
163,2016-11-09,771.67,791.2265,785.31,779.94,2607121.0,785.31
162,2017-02-21,828.35,833.45,831.66,828.66,1262337.0,831.66
161,2014-05-08,506.45,517.23,511.0,508.46,2015800.0,511.0
160,2016-05-20,700.52,714.58,709.74,701.62,1828387.0,709.74
159,2014-11-13,543.48,549.8,545.38,549.8,1335719.0,545.38
158,2014-04-25,515.42,524.7,516.18,522.51,2094600.0,516.18
157,2015-11-23,751.82,762.7075,755.98,757.45,1415385.0,755.98
156,2016-07-14,718.03,722.21,720.95,721.58,950193.0,720.95
155,2016-11-03,759.03,769.95,762.13,767.25,1943175.0,762.13
154,2014-07-17,568.61,580.99,573.7299,579.53,3008300.0,573.7299
153,2017-03-08,831.79,838.15,835.37,833.51,989773.0,835.37
152,2015-04-30,535.05,548.59,537.34,547.87,2082214.0,537.34
151,2015-10-12,639.01,648.5,646.67,642.09,1276134.0,646.67
150,2017-05-08,925.26,936.925,934.3,926.12,1319052.0,934.3
149,2015-11-20,743.0,757.92,756.6,746.53,2213284.0,756.6
148,2015-04-14,528.0925,537.5699,530.39,536.25,2597043.0,530.39
147,2014-05-28,561.0,567.84,561.68,564.57,1647500.0,561.68
146,2017-04-18,832.71,838.93,836.82,834.22,836722.0,836.82
145,2017-02-28,820.2,828.54,823.21,825.61,2260769.0,823.21
144,2016-07-05,688.88,696.94,694.49,696.06,1462616.0,694.49
143,2017-12-15,1049.5,1067.62,1064.19,1054.61,3142760.0,1064.19
142,2014-11-14,542.15,546.68,544.4,546.68,1285991.0,544.4
141,2014-08-18,576.0,584.51,582.16,576.11,1280600.0,582.16
140,2016-09-01,764.3,771.02,768.78,769.25,925131.0,768.78
139,2017-07-13,943.01,954.45,947.16,946.29,1291782.0,947.16
138,2017-08-31,931.76,941.98,939.33,931.76,1553301.0,939.33
137,2014-11-07,538.67,546.21,541.01,546.21,1629259.0,541.01
136,2016-03-31,740.94,750.85,744.95,749.25,1718798.0,744.95
135,2014-10-08,557.49,573.88,572.5,565.57,1987888.0,572.5
134,2018-01-26,1158.11,1175.84,1175.84,1175.08,1825680.0,1175.84
133,2018-02-20,1088.52,1113.95,1102.46,1090.57,1381603.0,1102.46
132,2015-10-05,627.0,643.01,641.47,632.0,1803643.0,641.47
131,2015-06-08,526.24,534.12,526.83,533.31,1524139.0,526.83
130,2015-12-31,758.34,769.5,758.88,769.5,1500923.0,758.88
129,2017-09-11,926.92,938.38,929.08,934.25,1247138.0,929.08
128,2018-06-14,1140.64,1155.47,1152.12,1143.85,1350868.0,1152.12
127,2014-06-23,554.25,565.0,564.95,555.15,1532600.0,564.95
126,2018-06-01,1098.5,1120.0,1119.5,1099.35,2421598.0,1119.5
125,2014-12-24,527.02,531.759,528.77,530.51,704035.0,528.77
124,2018-06-21,1152.23,1177.3,1157.66,1174.85,1238118.0,1157.66
123,2015-02-04,521.27,532.6715,522.76,529.24,1659125.0,522.76
122,2015-02-12,534.673,544.82,542.93,537.25,1615824.0,542.93
121,2016-06-16,703.26,716.65,710.36,714.91,1982471.0,710.36
120,2017-03-10,839.5,844.91,843.25,843.28,1704024.0,843.25
119,2015-09-29,590.22,605.0,594.97,597.28,2310284.0,594.97
118,2017-03-31,827.39,831.64,829.56,828.97,1401893.0,829.56
117,2014-08-22,580.64,585.236,582.56,583.59,786900.0,582.56
116,2015-09-21,625.94,636.49,635.44,634.4,1788506.0,635.44
115,2016-10-03,769.5,776.065,772.56,774.25,1278821.0,772.56
114,2014-07-23,592.5,597.85,595.98,593.23,1229800.0,595.98
113,2017-11-06,1025.0,1034.87,1025.9,1028.99,1119131.0,1025.9
112,2015-06-01,529.76,536.79,533.99,536.79,1904332.0,533.99
111,2018-07-16,1179.28,1191.0,1183.86,1189.39,1055662.0,1183.86
110,2014-09-23,581.0,586.85,581.13,586.85,1467400.0,581.13
109,2015-02-05,522.09,528.5,527.58,523.79,1844687.0,527.58
108,2017-03-03,825.751,831.36,829.08,830.56,896378.0,829.08
107,2017-08-22,911.475,925.86,924.69,912.72,1145571.0,924.69
106,2016-08-16,773.444,780.98,777.14,780.3,1028047.0,777.14
105,2018-02-07,1048.26,1081.78,1048.58,1081.54,2331374.0,1048.58
104,2016-11-17,764.23,772.7,771.23,766.92,1304048.0,771.23
103,2017-10-20,984.58,991.0,988.2,989.44,1120038.0,988.2
102,2014-10-15,518.3,532.8,530.03,531.01,3712536.0,530.03
101,2016-03-22,737.46,745.0,740.75,737.46,1269749.0,740.75
100,2017-08-30,919.65,930.819,929.57,920.05,1282093.0,929.57
99,2016-02-23,693.58,708.4,695.85,701.45,2009280.0,695.85
98,2014-06-11,555.0201,559.88,558.84,558.0,1097100.0,558.84
97,2018-05-31,1067.56,1097.19,1084.99,1067.56,3088305.0,1084.99
96,2014-07-18,582.0,596.8,595.08,593.0,4003200.0,595.08
95,2015-09-24,612.4,627.32,625.8,616.64,2240098.0,625.8
94,2016-02-03,720.5,774.5,726.95,770.22,6171019.0,726.95
93,2015-05-20,532.972,542.92,539.27,538.49,1430826.0,539.27
92,2015-06-19,533.01,538.25,536.69,537.21,1893497.0,536.69
91,2016-04-01,737.0,750.34,749.91,738.6,1576745.0,749.91
90,2016-07-06,689.09,701.68,697.77,689.98,1411925.0,697.77
89,2017-08-11,905.58,917.78,914.39,907.97,1190458.0,914.39
88,2017-03-07,826.52,833.41,831.91,827.4,1037630.0,831.91
87,2018-06-20,1169.16,1186.29,1169.84,1175.31,1648536.0,1169.84
86,2015-09-22,615.43,627.55,622.69,627.0,2562869.0,622.69
85,2015-05-13,528.655,534.3215,529.62,530.56,1253063.0,529.62
84,2015-07-13,532.4001,547.11,546.55,532.88,2206475.0,546.55
83,2014-04-23,526.25,533.87,526.94,533.79,2046700.0,526.94
82,2018-04-03,994.07,1020.99,1013.41,1013.91,2275076.0,1013.41
81,2014-08-07,561.1,569.89,563.36,568.0,1107900.0,563.36
80,2015-08-07,629.71,642.68,635.3,640.23,1403865.0,635.3
79,2015-07-08,516.11,522.734,516.83,521.05,1296699.0,516.83
78,2014-08-13,565.75,575.0,574.78,567.31,1437900.0,574.78
77,2017-01-20,801.69,806.91,805.02,806.91,1670045.0,805.02
76,2017-03-01,827.26,836.255,835.24,828.85,1496540.0,835.24
75,2014-07-16,582.2,588.4,582.66,588.0,1393300.0,582.66
74,2015-06-23,535.25,541.499,540.48,539.64,1197450.0,540.48
73,2017-09-27,927.74,949.9,944.49,927.74,2202959.0,944.49
72,2014-08-28,567.1,573.25,569.2,569.56,1289400.0,569.2
71,2015-05-04,535.06,544.07,540.78,538.53,1307960.0,540.78
70,2018-04-13,1022.98,1046.42,1029.27,1040.88,1223017.0,1029.27
69,2015-09-18,627.02,640.0,629.25,636.79,5133386.0,629.25
68,2016-07-11,707.24,716.51,715.09,708.05,1111762.0,715.09
67,2015-03-04,568.01,577.11,573.37,571.87,1871694.0,573.37
66,2018-02-15,1064.34,1091.48,1089.52,1079.07,1777694.0,1089.52
65,2017-10-10,966.08,981.57,972.6,980.0,956419.0,972.6
64,2014-08-15,570.52,579.38,573.48,577.86,1515000.0,573.48
63,2014-05-30,555.91,561.35,559.89,560.8,1766300.0,559.89
62,2014-10-27,537.03,544.41,540.77,537.03,1184973.0,540.77
61,2016-07-12,715.91,722.94,720.64,719.12,1336921.0,720.64
60,2017-09-20,922.0,933.88,931.58,922.98,1518166.0,931.58
59,2014-12-10,525.56,536.33,526.06,533.08,1716835.0,526.06
58,2014-04-09,552.95,565.37,564.14,559.62,3321700.0,564.14
57,2018-05-04,1016.9,1048.51,1048.21,1016.9,1938658.0,1048.21
56,2015-09-30,600.73,608.76,608.42,603.28,2332087.0,608.42
55,2014-03-27,552.92,568.0,558.46,568.0,13100.0,558.46
54,2017-06-07,975.94,983.98,980.94,980.0,1429834.0,980.94
53,2015-10-15,654.46,663.13,661.74,654.66,1885737.0,661.74
52,2016-04-13,744.261,754.38,751.72,749.16,1707641.0,751.72
51,2016-06-09,722.3361,729.54,728.58,722.87,988914.0,728.58
50,2017-07-06,899.7,914.9444,906.69,904.12,1409533.0,906.69
49,2014-09-19,589.5,596.48,596.08,591.5,3726400.0,596.08
48,2016-12-01,737.0245,759.85,747.92,757.44,3017947.0,747.92
47,2017-12-11,1032.05,1043.8,1041.1,1035.5,1119052.0,1041.1
46,2014-09-09,580.0,589.0,581.01,588.9,1283700.0,581.01
45,2017-04-21,840.6,843.88,843.19,842.88,1323583.0,843.19
44,2017-08-10,906.13,919.26,907.24,917.55,1722296.0,907.24
43,2014-11-24,535.62,542.7,539.27,537.65,1701682.0,539.27
42,2015-09-10,611.43,624.16,621.35,613.1,1905276.0,621.35
41,2015-08-21,612.33,640.05,612.48,639.78,4265183.0,612.48
40,2014-06-05,544.45,554.95,553.9,546.4,1684500.0,553.9
39,2018-01-02,1045.23,1066.94,1065.0,1048.34,1223114.0,1065.0
38,2017-12-01,1002.02,1022.49,1010.17,1015.8,1908944.0,1010.17
37,2016-06-10,716.43,725.89,719.41,719.47,1216443.0,719.41
36,2017-03-09,834.21,842.0,838.68,836.0,1261517.0,838.68
35,2014-04-22,527.51,537.23,534.81,528.64,2358900.0,534.81
34,2014-12-05,524.28,532.89,525.26,531.0,2558649.0,525.26
33,2018-01-17,1117.01,1132.6,1131.98,1126.22,1146089.0,1131.98
32,2015-11-19,737.43,742.0,738.41,738.74,1327879.0,738.41
31,2015-08-17,651.24,661.38,660.87,656.8,1051699.0,660.87
30,2015-10-16,657.2,664.97,662.2,664.11,1611128.0,662.2
29,2017-10-25,960.52,976.09,973.33,968.37,1162606.0,973.33
28,2016-05-04,689.01,699.75,695.7,690.49,1693525.0,695.7
27,2016-02-05,680.15,703.99,683.57,703.87,5105725.0,683.57
26,2017-09-22,926.48,934.73,928.53,927.75,1038551.0,928.53
25,2018-05-22,1066.69,1086.59,1069.73,1083.56,1090002.0,1069.73
24,2017-03-17,847.11,853.4,852.12,851.61,1716471.0,852.12
23,2017-07-14,948.005,956.91,955.99,952.0,1017632.0,955.99
22,2014-10-28,541.62,548.98,548.9,543.0,1273372.0,548.9
21,2017-06-05,975.1,986.91,983.68,976.55,1221971.0,983.68
20,2016-06-23,687.0,701.95,701.87,697.45,2171415.0,701.87
19,2015-12-24,746.62,751.35,748.4,749.55,527223.0,748.4
18,2014-08-12,560.88,565.9,562.73,564.52,1537800.0,562.73
17,2017-10-30,1007.5,1024.97,1017.11,1014.0,2074619.0,1017.11
16,2014-09-03,575.0,582.99,577.94,580.0,1211800.0,577.94
15,2016-10-24,804.82,815.18,813.11,804.9,1697514.0,813.11
14,2015-01-15,497.76,505.68,501.79,505.57,2711355.0,501.79
13,2015-02-27,552.9,564.71,558.4,554.24,2403553.0,558.4
12,2015-01-16,500.0,508.19,508.08,500.01,2292043.0,508.08
11,2015-12-30,766.9,777.6,771.0,776.6,1293521.0,771.0
10,2014-07-28,584.7533,592.5,590.6,588.07,984100.0,590.6
9,2016-07-15,719.055,725.74,719.85,725.73,1279339.0,719.85
8,2014-05-27,554.35,566.0,565.95,556.0,2098400.0,565.95
7,2015-04-20,524.5,536.09,535.38,525.6,1675487.0,535.38
6,2014-04-10,539.9,565.0,540.95,565.0,4025800.0,540.95
5,2014-07-25,587.03,591.86,589.02,590.4,929900.0,589.02
4,2015-09-02,599.71,614.34,614.34,605.68,2575620.0,614.34
3,2017-08-03,922.24,932.24,923.65,930.34,1179126.0,923.65
2,2015-07-24,622.52,648.17,623.56,647.0,3625747.0,623.56
1,2016-06-28,673.0,680.33,680.04,678.97,2173762.0,680.04
0,2014-12-03,529.26,535.996,531.32,531.44,1279288.0,531.32
